idx,url,date,title
0,https://www.whitehouse.gov/fact-sheets/2026/10/fact-sheet-president-donald-j-trump-announces-medicare-improvement-fund-payments-for-seniors/,2026-10-03,Fact Sheet: President Donald J. Trump Announces Medicare Improvement Fund Payments for Seniors
1,https://www.whitehouse.gov/fact-sheets/,2026-10-02,Fact Sheets
2,https://www.whitehouse.gov/briefings-statements/2026/09/adobe-amazon-intel-starlink-google-and-zoom-partner-with-first-lady-melania-trumps-fostering-the-future-together/,2026-09-30,"Adobe, Amazon, Intel, Starlink, Google, and Zoom partner with First Lady Melania Trump’s Fostering the Future Together"
3,https://www.whitehouse.gov/fact-sheets/2026/09/fact-sheet-president-donald-j-trump-advances-a-fair-and-reciprocal-relationship-with-china-while-hosting-historic-state-visit/,2026-09-26,Fact Sheet: President Donald J. Trump Advances a Fair and Reciprocal Relationship with China While Hosting Historic State Visit
4,https://www.whitehouse.gov/briefings-statements/2026/09/first-lady-melania-trump-highlights-art-culture-and-the-next-generation-during-state-visit-of-president-xi-jinping-and-madame-peng-liyuan/,2026-09-25,"First Lady Melania Trump Highlights Art, Culture, and the Next Generation During State Visit of President Xi Jinping and Madame Peng Liyuan"
5,https://www.whitehouse.gov/briefings-statements/2026/09/president-trump-takes-historic-action-to-eliminate-wasteful-and-harmful-spending/,2026-09-25,President Trump Takes Historic Action to Eliminate Wasteful and Harmful Spending
6,https://www.whitehouse.gov/briefings-statements/2026/09/first-lady-melania-trump-releases-details-on-the-state-dinner-with-his-excellency-xi-jinping-president-of-the-peoples-republic-of-china-and-madame-peng-liyuan/,2026-09-24,"First Lady Melania Trump Releases Details on the State Dinner with His Excellency Xi Jinping, President of The People’s Republic of China, and Madame Peng Liyuan"
7,https://www.whitehouse.gov/briefings-statements/2026/09/first-lady-melania-trump-and-madame-peng-liyuan-visit-smithsonian-national-museum-of-asian-art-highlighting-sino-american-artwork-culture-and-the-next-generation/,2026-09-24,"First Lady Melania Trump and Madame Peng Liyuan Visit Smithsonian National Museum of Asian Art Highlighting Sino-American Artwork, Culture, and the Next Generation"
8,https://www.whitehouse.gov/briefings-statements/2026/09/agreement-between-the-government-of-the-united-states-of-america-and-the-government-of-the-kingdom-of-denmark-together-with-the-government-of-greenland-to-amend-and-supplement-the-agreement-of-27-apri/,2026-09-22,AGREEMENT BETWEEN THE GOVERNMENT OF THE UNITED STATES OF AMERICA AND THE GOVERNMENT OF THE KINGDOM OF DENMARK TOGETHER WITH THE GOVERNMENT OF GREENLAND
9,https://www.whitehouse.gov/briefings-statements/2026/09/first-lady-melania-trump-unveils-new-fostering-the-future-together-technology-alliances-international-events-and-membership-expansion/,2026-09-22,"First Lady Melania Trump Unveils New Fostering the Future Together Technology Alliances, International Events, and Membership Expansion"
10,https://www.whitehouse.gov/briefings-statements/2026/09/first-lady-melania-trump-releases-details-ahead-of-his-excellency-xi-jinping-president-of-the-peoples-republic-of-china-and-madame-peng-liyuans-visit-to-the-white-house/,2026-09-21,"First Lady Melania Trump Releases Details Ahead of His Excellency Xi Jinping, President of The People’s Republic of China, and Madame Peng Liyuan’s Visit to The White House"
11,https://www.whitehouse.gov/fact-sheets/2026/09/fact-sheet-president-donald-j-trump-announces-lower-drug-prices-for-all-50-state-medicaid-programs/,2026-09-18,Fact Sheet: President Donald J. Trump Announces Lower Drug Prices for All 50 State Medicaid Programs
12,https://www.whitehouse.gov/fact-sheets/2026/09/fact-sheet-president-donald-j-trump-further-enhances-program-integrity-and-interagency-coordination-in-the-h-1b-visa-program/,2026-09-18,Fact Sheet: President Donald J. Trump Further Enhances Program Integrity and Interagency Coordination in the H-1B Visa Program
13,https://www.whitehouse.gov/fact-sheets/2026/09/fact-sheet-president-donald-j-trump-restores-american-saltwater-angling-and-recreation/,2026-09-17,Fact Sheet: President Donald J. Trump Restores American Saltwater Angling and Recreation
14,https://www.whitehouse.gov/fact-sheets/2026/09/fact-sheet-president-donald-j-trump-reinvigorates-americas-hunting-heritage/,2026-09-17,Fact Sheet: President Donald J. Trump Reinvigorates America’s Hunting Heritage
15,https://www.whitehouse.gov/fact-sheets/2026/09/fact-sheet-president-donald-j-trump-restores-reciprocity-in-government-procurement/,2026-09-16,Fact Sheet: President Donald J. Trump Restores Reciprocity in Government Procurement
16,https://www.whitehouse.gov/fact-sheets/2026/09/fact-sheet-president-donald-j-trump-responds-to-canadas-retaliation/,2026-09-09,Fact Sheet: President Donald J. Trump Responds to Canada’s Retaliation
17,https://www.whitehouse.gov/briefings-statements/2026/09/first-lady-melania-trumps-personal-vision-to-preserve-americas-story-through/,2026-09-09,First Lady Melania Trump’s Personal Vision to Preserve America’s Story Through Superior Design
18,https://www.whitehouse.gov/fact-sheets/2026/09/fact-sheet-president-donald-j-trump-supports-americas-ranchers/,2026-09-04,Fact Sheet: President Donald J. Trump Supports America’s Ranchers
19,https://www.whitehouse.gov/fact-sheets/2026/09/fact-sheet-president-donald-j-trump-promotes-fair-competition-in-livestock-markets-and-expands-market-access-for-american-meat-producers/,2026-09-04,Fact Sheet: President Donald J. Trump Promotes Fair Competition in Livestock Markets and Expands Market Access for American Meat Producers
20,https://www.whitehouse.gov/briefings-statements/2026/09/presidential-message-on-national-recovery-month/,2026-09-02,Presidential Message on National Recovery Month
21,https://www.whitehouse.gov/fact-sheets/2026/08/fact-sheet-president-donald-j-trump-announces-historic-oil-agreement-to-secure-american-energy-dominance-and-drive-venezuelas-economic-recovery/,2026-08-31,Fact Sheet: President Donald J. Trump Announces Historic Oil Agreement to Secure American Energy Dominance and Drive Venezuela’s Economic Recovery
22,https://www.whitehouse.gov/fact-sheets/2026/08/fact-sheet-president-donald-j-trump-announces-deal-with-nine-additional-pharmaceutical-manufacturers-to-lower-drug-prices-for-americans/,2026-08-31,Fact Sheet: President Donald J. Trump Announces Deal with Nine Additional Pharmaceutical Manufacturers to Lower Drug Prices for Americans
23,https://www.whitehouse.gov/fact-sheets/2026/08/fact-sheet-president-donald-j-trump-further-ensures-affordable-beef-for-the-american-consumer/,2026-08-26,Fact Sheet: President Donald J. Trump Further Ensures Affordable Beef for the American Consumer
24,https://www.whitehouse.gov/fact-sheets/2026/08/fact-sheet-president-donald-j-trump-declares-a-national-emergency-to-secure-americas-bulk-power-system/,2026-08-26,Fact Sheet: President Donald J. Trump Declares a National Emergency to Secure America’s Bulk-Power System
25,https://www.whitehouse.gov/briefings-statements/2026/08/presidential-message-on-overdose-and-drug-poisoning-awareness-week/,2026-08-25,Presidential Message on Overdose and Drug Poisoning Awareness Week
26,https://www.whitehouse.gov/briefings-statements/2026/08/presidential-message-on-national-employer-support-of-the-guard-and-reserve-week-1d9a/,2026-08-17,Presidential Message on National Employer Support of the Guard and Reserve Week
27,https://www.whitehouse.gov/briefings-statements/2026/08/first-lady-melania-trumps-efforts-prove-successful-in-ukraine-russia/,2026-08-17,First Lady Melania Trump’s Efforts Prove Successful in Ukraine-Russia
28,https://www.whitehouse.gov/briefings-statements/2026/08/presidential-message-on-the-anniversary-of-winning-world-war-ii/,2026-08-14,Presidential Message on the Anniversary of Winning World War II
29,https://www.whitehouse.gov/fact-sheets/2026/08/fact-sheet-president-donald-j-trump-bolsters-national-security-and-strengthens-u-s-supply-chains-by-imposing-tariffs-on-drones-and-their-parts-and-components/,2026-08-13,Fact Sheet: President Donald J. Trump Bolsters National Security and Strengthens U.S. Supply Chains by Imposing Tariffs on Drones and Their Parts and Components
30,https://www.whitehouse.gov/fact-sheets/2026/08/fact-sheet-president-donald-j-trump-announces-billions-in-new-deals-and-investments-to-power-american-mining/,2026-08-07,Fact Sheet: President Donald J. Trump Announces Billions in New Deals and Investments to Power American Mining
31,https://www.whitehouse.gov/fact-sheets/2026/08/fact-sheet-president-donald-j-trump-ends-birth-tourism-and-protects-the-meaning-and-value-of-american-citizenship/,2026-08-06,Fact Sheet: President Donald J. Trump Ends Birth Tourism and Protects the Meaning and Value of American Citizenship
32,https://www.whitehouse.gov/fact-sheets/2026/08/fact-sheet-president-donald-j-trump-bolsters-national-security-and-strengthens-u-s-supply-chains-by-imposing-tariffs-on-polysilicon-and-its-derivatives/,2026-08-06,Fact Sheet: President Donald J. Trump Bolsters National Security and Strengthens U.S. Supply Chains by Imposing Tariffs on Polysilicon and its Derivatives
33,https://www.whitehouse.gov/briefings-statements/2026/08/presidential-message-on-the-birthday-of-the-united-states-coast-guard/,2026-08-05,Presidential Message on the Birthday of the United States Coast Guard
34,https://www.whitehouse.gov/briefings-statements/2026/07/first-lady-melania-trump-facilitates-her-fifth-ukrainerussia-family-reunification/,2026-07-30,First Lady Melania Trump Facilitates Her Fifth Ukraine–Russia Family Reunification
35,https://www.whitehouse.gov/briefings-statements/2026/07/presidential-message-on-the-birthday-of-alexis-de-tocqueville/,2026-07-29,Presidential Message on the Birthday of Alexis de Tocqueville
36,https://www.whitehouse.gov/briefings-statements/2026/07/presidential-message-on-national-korean-war-veterans-armistice-day-3cd7/,2026-07-27,Presidential Message on National Korean War Veterans Armistice Day
37,https://www.whitehouse.gov/briefings-statements/2026/07/agreement-between-the-united-states-of-america-and-the-hashemite-kingdom-of-jordan-on-reciprocal-trade/,2026-07-21,AGREEMENT BETWEEN THE UNITED STATES OF AMERICA AND THE HASHEMITE KINGDOM OF JORDAN ON RECIPROCAL TRADE
38,https://www.whitehouse.gov/fact-sheets/2026/07/fact-sheet-president-donald-j-trump-announces-trade-deal-with-jordan/,2026-07-21,Fact Sheet: President Donald J. Trump Announces Trade Deal with Jordan
39,https://www.whitehouse.gov/fact-sheets/2026/07/fact-sheet-president-donald-j-trump-secures-americas-defense-supply-chains-and-ensures-domestic-acquisition-of-critical-materials/,2026-07-20,Fact Sheet: President Donald J. Trump Secures America’s Defense Supply Chains and Ensures Domestic Acquisition of Critical Materials
40,https://www.whitehouse.gov/fact-sheets/2026/07/fact-sheet-president-donald-j-trump-takes-further-action-to-adjust-imports-of-aluminum-into-the-united-states/,2026-07-20,Fact Sheet: President Donald J. Trump Takes Further Action To Adjust Imports Of Aluminum Into The United States
41,https://www.whitehouse.gov/fact-sheets/2026/07/fact-sheet-president-donald-j-trump-imposes-additional-tariffs-on-canada/,2026-07-20,Fact Sheet: President Donald J. Trump Imposes Additional Tariffs on Canada
42,https://www.whitehouse.gov/briefings-statements/2026/07/presidential-message-on-the-birthday-of-saint-frances-xavier-cabrini/,2026-07-15,Presidential Message on the Birthday of Saint Frances Xavier Cabrini
43,https://www.whitehouse.gov/releases/2026/07/president-trumps-relentless-strategy-is-dismantling-fentanyl-networks-and-saving-lives/,2026-07-13,President Trump’s Relentless Strategy Is Dismantling Fentanyl Networks and Saving Lives
44,https://www.whitehouse.gov/fact-sheets/2026/07/fact-sheet-president-donald-j-trump-secures-historic-defense-investment-from-nato-allies-powering-american-industry/,2026-07-09,"Fact Sheet: President Donald J. Trump Secures Historic Defense Investment from NATO Allies, Powering American Industry"
45,https://www.whitehouse.gov/fact-sheets/2026/07/fact-sheet-president-donald-j-trump-adjusts-imports-of-commercial-aircraft-jet-engines-and-aircraft-and-engine-parts-into-the-united-states/,2026-07-09,"Fact Sheet: President Donald J. Trump Adjusts Imports of Commercial Aircraft, Jet Engines, and Aircraft and Engine Parts into the United States"
46,https://www.whitehouse.gov/fact-sheets/2026/06/fact-sheet-president-donald-j-trump-declares-an-emergency-and-authorizes-the-temporary-suspension-of-certain-duties-on-phosphate-fertilizer-from-morocco/,2026-06-29,Fact Sheet: President Donald J. Trump Declares an Emergency and Authorizes the Temporary Suspension of Certain Duties on Phosphate Fertilizer from Morocco
47,https://www.whitehouse.gov/fact-sheets/2026/06/fact-sheet-president-donald-j-trump-secures-the-nation-against-advanced-cryptographic-attacks/,2026-06-22,Fact Sheet: President Donald J. Trump Secures the Nation Against Advanced Cryptographic Attacks
48,https://www.whitehouse.gov/briefings-statements/2026/06/presidential-message-on-fathers-day/,2026-06-21,Presidential Message on Father’s Day
49,https://www.whitehouse.gov/fact-sheets/2026/06/fact-sheet-president-donald-j-trump-restores-american-commercial-fishing-in-the-pacific/,2026-06-11,Fact Sheet: President Donald J. Trump Restores American Commercial Fishing in the Pacific
50,https://www.whitehouse.gov/briefings-statements/2026/06/first-lady-melania-trump-honors-americas-next-generation-of-top-ai-talent-at-historic-presidential-ai-challenge-awards-ceremony/,2026-06-09,First Lady Melania Trump Honors America’s Next Generation of Top AI Talent at Historic Presidential AI Challenge Awards Ceremony
51,https://www.whitehouse.gov/briefings-statements/2026/06/presidential-message-on-national-ocean-month/,2026-06-05,Presidential Message on National Ocean Month
52,https://www.whitehouse.gov/fact-sheets/2026/06/fact-sheet-president-donald-j-trump-strengthens-customs-enforcement/,2026-06-03,Fact Sheet: President Donald J. Trump Strengthens Customs Enforcement
53,https://www.whitehouse.gov/fact-sheets/2026/06/fact-sheet-president-donald-j-trump-updates-tariffs-on-steel-aluminum-and-copper-imports/,2026-06-02,"Fact Sheet: President Donald J. Trump Updates Tariffs on Steel, Aluminum, and Copper Imports"
54,https://www.whitehouse.gov/briefings-statements/2026/05/presidential-message-on-national-missing-childrens-day/,2026-05-26,Presidential Message on National Missing Children’s Day
55,https://www.whitehouse.gov/fact-sheets/2026/05/fact-sheet-president-donald-j-trump-reverses-biden-era-refrigerant-rules/,2026-05-21,Fact Sheet: President Donald J. Trump Reverses Biden-Era Refrigerant Rules
56,https://www.whitehouse.gov/briefings-statements/2026/05/first-lady-melania-trump-americas-tradition-fosters-unity/,2026-05-20,First Lady Melania Trump: America’s Tradition Fosters Unity
57,https://www.whitehouse.gov/briefings-statements/2026/05/first-lady-melania-trumps-4-community-centric-pillars-of-foster-care/,2026-05-20,First Lady Melania Trump’s 4 Community-Centric Pillars of Foster Care
58,https://www.whitehouse.gov/fact-sheets/2026/05/fact-sheet-president-donald-j-trump-restores-integrity-to-americas-financial-system/,2026-05-19,Fact Sheet: President Donald J. Trump Restores Integrity to America’s Financial System
59,https://www.whitehouse.gov/briefings-statements/2026/05/presidential-message-on-world-trade-week/,2026-05-19,Presidential Message on World Trade Week
60,https://www.whitehouse.gov/fact-sheets/2026/05/fact-sheet-president-donald-j-trump-announces-expansion-of-trumprx-gov-to-bring-americans-transparency-and-choice-on-everyday-medicines/,2026-05-18,Fact Sheet: President Donald J. Trump Announces Expansion of TrumpRx.gov to Bring Americans Transparency and Choice on Everyday Medicines
61,https://www.whitehouse.gov/fact-sheets/2026/05/fact-sheet-president-donald-j-trump-secures-historic-deals-with-china-delivering-for-american-workers-farmers-and-industry/,2026-05-17,"Fact Sheet: President Donald J. Trump Secures Historic Deals with China, Delivering for American Workers, Farmers, and Industry"
62,https://www.whitehouse.gov/briefings-statements/2026/05/presidential-message-on-mothers-day/,2026-05-10,Presidential Message on Mother’s Day
63,https://www.whitehouse.gov/briefings-statements/2026/05/first-lady-melania-trump-mothers-are-americas-strength/,2026-05-08,First Lady Melania Trump: Mothers are America’s strength
64,https://www.whitehouse.gov/briefings-statements/2026/05/rising-to-the-challenge-together-how-ondcp-and-cdc-support-jurisdictions-through-the-overdose-response-strategy/,2026-05-06,Rising to the Challenge Together: How ONDCP and CDC Support Jurisdictions Through the Overdose Response Strategy
65,https://www.whitehouse.gov/fact-sheets/2026/05/2026-national-drug-control-strategy-fact-sheet/,2026-05-04,Fact Sheet: 2026 National Drug Control Strategy
66,https://www.whitehouse.gov/briefings-statements/2026/05/presidential-message-on-asian-american-and-pacific-islander-heritage-month/,2026-05-03,Presidential Message on Asian American and Pacific Islander Heritage Month
67,https://www.whitehouse.gov/fact-sheets/2026/05/fact-sheet-president-donald-j-trump-imposes-sanctions-on-cuban-regime-officials-responsible-for-repression-and-threats-to-u-s-national-security-and-foreign-policy/,2026-05-01,Fact Sheet: President Donald J. Trump Imposes Sanctions on Cuban Regime Officials Responsible for Repression and Threats to U.S. National Security and Foreign Policy
68,https://www.whitehouse.gov/briefings-statements/2026/05/presidential-message-on-loyalty-and-law-day-u-s-a/,2026-05-01,"Presidential Message on Loyalty and Law Day, U.S.A."
69,https://www.whitehouse.gov/briefings-statements/2026/04/first-lady-melania-trump-releases-details-on-the-state-dinner-with-his-majesty-king-charles-the-iii-of-the-united-kingdom-of-great-britain-and-northern-ireland-and-her-majesty-queen-camilla/,2026-04-28,First Lady Melania Trump Releases Details on the State Dinner with His Majesty King Charles the III of the United Kingdom of Great Britain and Northern Ireland and Her Majesty Queen Camilla
70,https://www.whitehouse.gov/briefings-statements/2026/04/presidential-message-on-national-apprenticeship-week/,2026-04-27,Presidential Message on National Apprenticeship Week
71,https://www.whitehouse.gov/fact-sheets/2026/04/fact-sheet-president-donald-j-trump-announces-deal-with-regeneron-to-bring-most-favored-nation-pricing-to-american-patients/,2026-04-23,Fact Sheet: President Donald J. Trump Announces Deal with Regeneron to Bring Most-Favored-Nation Pricing to American Patients
72,https://www.whitehouse.gov/briefings-statements/2026/04/auto-draft/,2026-04-23,First Lady Melania Trump Leads Call for Shared Commitment to Transform Lives Nationwide
73,https://www.whitehouse.gov/briefings-statements/2026/04/presidential-message-on-national-crime-victims-week/,2026-04-20,Presidential Message on National Crime Victims Week
74,https://www.whitehouse.gov/briefings-statements/2026/04/office-of-national-drug-control-policy-convenes-senior-government-leaders-to-advance-drug-interdiction-efforts/,2026-04-20,Office of National Drug Control Policy Convenes Senior Government Leaders to Advance Drug Interdiction Efforts
75,https://www.whitehouse.gov/fact-sheets/2026/04/advancing-the-united-states-hungary-bilateral-partnership/,2026-04-09,Advancing the United States-Hungary Bilateral Partnership
76,https://www.whitehouse.gov/briefings-statements/2026/04/presidential-message-on-national-sexual-assault-awareness-month/,2026-04-07,Presidential Message on National Sexual Assault Awareness Month
77,https://www.whitehouse.gov/briefings-statements/2026/04/presidential-message-on-national-child-abuse-prevention-month/,2026-04-07,Presidential Message on National Child Abuse Prevention Month
78,https://www.whitehouse.gov/briefings-statements/2026/04/ondcp-honors-law-enforcements-role-in-fighting-against-drug-trafficking/,2026-04-06,ONDCP Honors Law Enforcement’s Role in Fighting Against Drug Trafficking
79,https://www.whitehouse.gov/fact-sheets/2026/04/fact-sheet-president-donald-j-trump-takes-urgent-national-action-to-save-college-sports/,2026-04-03,Fact Sheet: President Donald J. Trump Takes Urgent National Action to Save College Sports
80,https://www.whitehouse.gov/briefings-statements/2026/04/first-lady-melania-trump-advances-efforts-in-fourth-ukraine-russia-child-reunification/,2026-04-02,First Lady Melania Trump Advances Efforts in Fourth Ukraine – Russia Child Reunification
81,https://www.whitehouse.gov/fact-sheets/2026/04/fact-sheet-president-donald-j-trump-strengthens-tariffs-on-steel-aluminum-and-copper-imports/,2026-04-02,"Fact Sheet: President Donald J. Trump Strengthens Tariffs on Steel, Aluminum, and Copper Imports"
82,https://www.whitehouse.gov/fact-sheets/2026/04/fact-sheet-president-donald-j-trump-bolsters-national-security-and-strengthens-u-s-supply-chains-by-imposing-tariffs-on-patented-pharmaceutical-products/,2026-04-02,Fact Sheet: President Donald J. Trump Bolsters National Security and Strengthens U.S. Supply Chains by Imposing Tariffs on Patented Pharmaceutical Products
83,https://www.whitehouse.gov/fact-sheets/2026/03/fact-sheet-president-donald-j-trump-addresses-dei-discrimination-by-federal-contractors/,2026-03-26,Fact Sheet: President Donald J. Trump Addresses DEI Discrimination by Federal Contractors
84,https://www.whitehouse.gov/briefings-statements/2026/03/first-lady-melania-trump-convenes-record-45-nations-at-the-white-house-and-introduces-american-built-humanoid/,2026-03-25,First Lady Melania Trump Convenes Record 45 Nations at the White House and Introduces American-Built Humanoid
85,https://www.whitehouse.gov/briefings-statements/2026/03/first-lady-melania-trump-launches-fostering-the-future-together-45-member-nations-attend-the-inaugural-coalition-summit/,2026-03-24,"First Lady Melania Trump Launches Fostering the Future Together, 45 Member Nations Attend the Inaugural Coalition Summit"
86,https://www.whitehouse.gov/fact-sheets/2026/03/fact-sheet-president-donald-j-trump-strengthens-u-s-japan-alliance-for-the-benefit-of-all-americans/,2026-03-20,Fact Sheet: President Donald J. Trump Strengthens U.S.-Japan Alliance for the Benefit of All Americans
87,https://www.whitehouse.gov/briefings-statements/2026/03/first-lady-melania-trumps-fostering-the-future-together-assembles-leaders-from-45-nations-and-28-tech-entities/,2026-03-19,First Lady Melania Trump’s Fostering the Future Together Assembles Leaders from 45 Nations and 28 Tech Entities
88,https://www.whitehouse.gov/fact-sheets/2026/03/fact-sheet-president-donald-j-trump-establishes-the-task-force-to-eliminate-fraud/,2026-03-16,Fact Sheet: President Donald J. Trump Establishes the Task Force to Eliminate Fraud
89,https://www.whitehouse.gov/briefings-statements/2026/03/america-250-presidential-message-on-the-birthday-of-president-andrew-jackson/,2026-03-15,America 250: Presidential Message on the Birthday of President Andrew Jackson
90,https://www.whitehouse.gov/briefings-statements/2026/03/presidential-message-on-national-k-9-veterans-day/,2026-03-13,Presidential Message on National K-9 Veterans Day
91,https://www.whitehouse.gov/fact-sheets/2026/03/fact-sheet-president-donald-j-trump-ensures-truthful-advertising-of-products-claiming-to-be-made-in-america/,2026-03-13,Fact Sheet: President Donald J. Trump Ensures Truthful Advertising of Products Claiming to be Made in America
92,https://www.whitehouse.gov/briefings-statements/2026/03/first-lady-melania-trump-calls-on-women-to-be-courageous-and-take-risks/,2026-03-12,First Lady Melania Trump Calls on Women to Be Courageous and Take Risks
93,https://www.whitehouse.gov/briefings-statements/2026/03/america-250-presidential-message-on-the-anniversary-of-the-selma-marches/,2026-03-07,America 250: Presidential Message on the Anniversary of the Selma Marches
94,https://www.whitehouse.gov/fact-sheets/2026/03/fact-sheet-president-donald-j-trump-advances-energy-affordability-with-the-ratepayer-protection-pledge/,2026-03-04,Fact Sheet: President Donald J. Trump Advances Energy Affordability with the Ratepayer Protection Pledge
95,https://www.whitehouse.gov/briefings-statements/2026/03/first-lady-melania-trump-addresses-u-n-security-council-championing-peace-through-education/,2026-03-02,"First Lady Melania Trump Addresses U.N. Security Council, Championing Peace Through Education"
96,https://www.whitehouse.gov/fact-sheets/2026/02/fact-sheet-president-donald-j-trump-imposes-a-temporary-import-duty-to-address-fundamental-international-payment-problems/,2026-02-21,Fact Sheet: President Donald J. Trump Imposes a Temporary Import Duty to Address Fundamental International Payment Problems
97,https://www.whitehouse.gov/fact-sheets/2026/02/fact-sheet-trump-administration-finalizes-trade-deal-with-indonesia/,2026-02-20,Fact Sheet: Trump Administration Finalizes Trade Deal with Indonesia
98,https://www.whitehouse.gov/briefings-statements/2026/02/implementation-of-the-agreement-toward-a-new-golden-age-for-the-u-s-indonesian-alliance/,2026-02-19,Implementation of the Agreement Toward a NEW GOLDEN AGE for the U.S.-Indonesian Alliance
99,https://www.whitehouse.gov/fact-sheets/2026/02/fact-sheet-president-donald-j-trump-ensures-an-adequate-supply-of-elemental-phosphorus-and-glyphosate-based-herbicides-for-national-security/,2026-02-18,Fact Sheet: President Donald J. Trump Ensures an Adequate Supply of Elemental Phosphorus and Glyphosate-Based Herbicides for National Security
100,https://www.whitehouse.gov/briefings-statements/2026/02/presidential-message-on-susan-b-anthony-day/,2026-02-15,Presidential Message on Susan B. Anthony Day
101,https://www.whitehouse.gov/briefings-statements/2026/02/first-lady-melania-trump-secures-another-russian-ukrainian-child-reunification/,2026-02-12,First Lady Melania Trump Secures Another Russian – Ukrainian Child Reunification
102,https://www.whitehouse.gov/briefings-statements/2026/02/birthday-of-president-abraham-lincoln-2026/,2026-02-12,"Birthday of President Abraham Lincoln, 2026"
103,https://www.whitehouse.gov/briefings-statements/2026/02/joint-statement-on-a-framework-for-united-states-north-macedonia-agreement-on-reciprocal-fair-and-balanced-trade/,2026-02-12,"JOINT STATEMENT ON A FRAMEWORK FOR UNITED STATES-NORTH MACEDONIA AGREEMENT ON RECIPROCAL, FAIR, AND BALANCED TRADE"
104,https://www.whitehouse.gov/fact-sheets/2026/02/fact-sheet-the-united-states-and-india-announce-historic-trade-deal/,2026-02-09,Fact Sheet: The United States and India Announce Historic Trade Deal
105,https://www.whitehouse.gov/briefings-statements/2026/02/joint-statement-on-framework-for-united-states-bangladesh-agreement-on-reciprocal-trade/,2026-02-09,JOINT STATEMENT ON UNITED STATES – BANGLADESH AGREEMENT ON RECIPROCAL TRADE
106,https://www.whitehouse.gov/presidential-actions/2026/02/establishing-an-america-first-arms-transfer-strategy-d174/,2026-02-06,ESTABLISHING AN AMERICA FIRST ARMS TRANSFER STRATEGY
107,https://www.whitehouse.gov/briefings-statements/2026/02/united-states-india-joint-statement/,2026-02-06,UNITED STATES-INDIA JOINT STATEMENT
108,https://www.whitehouse.gov/fact-sheets/2026/02/fact-sheet-president-donald-j-trump-launches-trumprx-gov-to-bring-lower-drug-prices-to-american-patients/,2026-02-06,Fact Sheet: President Donald J. Trump Launches TrumpRx.gov to Bring Lower Drug Prices to American Patients
109,https://www.whitehouse.gov/fact-sheets/2026/02/fact-sheet-president-donald-j-trump-unleashes-commercial-fishing-in-the-atlantic/,2026-02-06,Fact Sheet: President Donald J. Trump Unleashes Commercial Fishing in the Atlantic
110,https://www.whitehouse.gov/fact-sheets/2026/02/fact-sheet-president-donald-j-trump-ensures-affordable-beef-for-the-american-consumer/,2026-02-06,Fact Sheet: President Donald J. Trump Ensures Affordable Beef for the American Consumer
111,https://www.whitehouse.gov/fact-sheets/2026/02/fact-sheet-president-donald-j-trump-addresses-threats-to-the-united-states-by-the-government-of-iran/,2026-02-06,Fact Sheet: President Donald J. Trump Addresses Threats to the United States by the Government of Iran
112,https://www.whitehouse.gov/presidential-actions/2026/02/establishing-an-america-first-arms-transfer-strategy/,2026-02-06,ESTABLISHING AN AMERICA FIRST ARMS TRANSFER STRATEGY
113,https://www.whitehouse.gov/briefings-statements/2026/02/first-lady-melania-trump-holds-private-meeting-with-freed-american-israeli-hostage-keith-siegel-after-helping-secure-his-release/,2026-02-04,First Lady Melania Trump Holds Private Meeting with Freed American-Israeli Hostage Keith Siegel After Helping Secure His Release
114,https://www.whitehouse.gov/briefings-statements/2026/02/america-250-presidential-message-on-the-anniversary-of-our-victory-in-the-mexican-american-war/,2026-02-02,America 250: Presidential Message on the Anniversary of Our Victory in the Mexican-American War
115,https://www.whitehouse.gov/briefings-statements/2026/01/america-250-presidential-message-on-the-birthday-of-president-william-mckinley/,2026-01-29,America 250: Presidential Message on the Birthday of President William McKinley
116,https://www.whitehouse.gov/fact-sheets/2026/01/fact-sheet-president-donald-j-trump-launches-the-great-american-recovery-initiative-to-address-the-addiction-crisis/,2026-01-29,Fact Sheet: President Donald J. Trump Launches the Great American Recovery Initiative to Address the Addiction Crisis
117,https://www.whitehouse.gov/fact-sheets/2026/01/fact-sheet-president-donald-j-trump-addresses-threats-to-the-united-states-by-the-government-of-cuba/,2026-01-29,Fact Sheet: President Donald J. Trump Addresses Threats to the United States by the Government of Cuba
118,https://www.whitehouse.gov/briefings-statements/2026/01/presidential-message-on-national-sanctity-of-human-life-day-2026/,2026-01-23,"Presidential Message on National Sanctity of Human Life Day, 2026"
119,https://www.whitehouse.gov/briefings-statements/2026/01/first-lady-melania-trump-to-ring-opening-bell-of-the-new-york-stock-exchange/,2026-01-23,First Lady Melania Trump to Ring Opening Bell of the New York Stock Exchange
120,https://www.whitehouse.gov/fact-sheets/2026/01/fact-sheet-president-donald-j-trump-stops-wall-street-from-competing-with-main-street-homebuyers/,2026-01-21,Fact Sheet: President Donald J. Trump Stops Wall Street from Competing with Main Street Homebuyers
121,https://www.whitehouse.gov/briefings-statements/2026/01/first-lady-melania-trump-inspires-americas-children-to-be-curious-use-ai-to-achieve-their-career-ambitions/,2026-01-16,"First Lady Melania Trump Inspires America’s Children to be Curious, Use AI to Achieve their Career Ambitions"
122,https://www.whitehouse.gov/briefings-statements/2026/01/statement-on-president-trumps-comprehensive-plan-to-end-the-gaza-conflict/,2026-01-16,Statement on President Trump’s Comprehensive Plan to End the Gaza Conflict
123,https://www.whitehouse.gov/fact-sheets/2026/01/fact-sheet-president-donald-j-trump-directs-negotiations-to-adjust-imports-of-processed-critical-minerals-and-their-derivative-products-into-the-united-states/,2026-01-14,Fact Sheet: President Donald J. Trump Directs Negotiations to Adjust Imports of Processed Critical Minerals and Their Derivative Products into the United States
124,https://www.whitehouse.gov/fact-sheets/2026/01/fact-sheet-president-donald-j-trump-takes-action-on-certain-advanced-computing-chips-to-protect-americas-economic-and-national-security/,2026-01-14,Fact Sheet: President Donald J. Trump Takes Action on Certain Advanced Computing Chips to Protect America’s Economic and National Security
125,https://www.whitehouse.gov/fact-sheets/2026/01/fact-sheet-president-donald-j-trump-safeguards-venezuelan-oil-revenue-for-the-good-of-the-american-and-venezuelan-people/,2026-01-10,Fact Sheet: President Donald J. Trump Safeguards Venezuelan Oil Revenue for the Good of the American and Venezuelan People
126,https://www.whitehouse.gov/fact-sheets/2026/01/fact-sheet-president-donald-j-trump-establishes-new-department-of-justice-division-for-national-fraud-enforcement/,2026-01-08,Fact Sheet: President Donald J. Trump Establishes New Department of Justice Division for National Fraud Enforcement
127,https://www.whitehouse.gov/fact-sheets/2026/01/fact-sheet-president-donald-j-trump-withdraws-the-united-states-from-international-organizations-that-are-contrary-to-the-interests-of-the-united-states/,2026-01-07,Fact Sheet: President Donald J. Trump Withdraws the United States from International Organizations that Are Contrary to the Interests of the United States
128,https://www.whitehouse.gov/briefings-statements/2026/01/presidential-message-on-national-slavery-and-human-trafficking-prevention-month/,2026-01-06,Presidential Message on National Slavery and Human Trafficking Prevention Month
129,https://www.whitehouse.gov/fact-sheets/2025/12/fact-sheet-president-donald-j-trump-adjusts-imports-of-timber-lumber-and-their-derivative-products-into-the-united-states/,2026-01-01,"Fact Sheet: President Donald J. Trump Adjusts Imports of Timber, Lumber, and Their Derivative Products into the United States"
130,https://www.whitehouse.gov/briefings-statements/2025/12/congressional-bill-h-r-504-vetoed/,2025-12-31,Congressional Bill H.R. 504 Vetoed
131,https://www.whitehouse.gov/briefings-statements/2025/12/32750/,2025-12-19,White House Office of Management and Budget’s Office of Information and Regulatory Affairs Releases End of Year Deregulatory Stats: Showing the Trump Administration Has Best Deregulation Year in History
132,https://www.whitehouse.gov/fact-sheets/2025/12/fact-sheet-president-donald-j-trump-announces-largest-developments-to-date-in-bringing-most-favored-nation-pricing-to-american-patients/,2025-12-19,Fact Sheet: President Donald J. Trump Announces Largest Developments to Date in Bringing Most-Favored-Nation Pricing to American Patients
133,https://www.whitehouse.gov/briefings-statements/2025/12/statement-by-the-president-7598/,2025-12-18,STATEMENT BY THE PRESIDENT
134,https://www.whitehouse.gov/fact-sheets/2025/12/fact-sheet-president-donald-j-trump-further-restricts-and-limits-the-entry-of-foreign-nationals-to-protect-the-security-of-the-united-states/,2025-12-16,Fact Sheet: President Donald J. Trump Further Restricts and Limits the Entry of Foreign Nationals to Protect the Security of the United States
135,https://www.whitehouse.gov/fact-sheets/2025/12/fact-sheet-president-donald-j-trump-designates-fentanyl-as-a-weapon-of-mass-destruction/,2025-12-15,Fact Sheet: President Donald J. Trump Designates Fentanyl as a Weapon of Mass Destruction
136,https://www.whitehouse.gov/fact-sheets/2025/12/fact-sheet-president-donald-j-trump-protects-american-investors-from-foreign-owned-and-politically-motivated-proxy-advisors/,2025-12-12,Fact Sheet: President Donald J. Trump Protects American Investors from Foreign-Owned and Politically-Motivated Proxy Advisors
137,https://www.whitehouse.gov/fact-sheets/2025/12/fact-sheet-president-donald-j-trump-ensures-a-national-policy-framework-for-artificial-intelligence/,2025-12-12,Fact Sheet: President Donald J. Trump Ensures a National Policy Framework for Artificial Intelligence
138,https://www.whitehouse.gov/fact-sheets/2025/12/fact-sheet-president-donald-j-trump-addresses-security-risks-from-price-fixing-and-anti-competitive-behavior-in-the-food-supply-chain/,2025-12-07,Fact Sheet: President Donald J. Trump Addresses Security Risks from Price Fixing and Anti-Competitive Behavior in the Food Supply Chain
139,https://www.whitehouse.gov/briefings-statements/2025/12/presidential-message-on-the-eighth-anniversary-of-recognizing-jerusalem-as-the-capital-of-the-state-of-israel/,2025-12-06,Presidential Message on the Eighth Anniversary of Recognizing Jerusalem as the Capital of the State of Israel
140,https://www.whitehouse.gov/briefings-statements/2025/12/presidential-message-on-national-impaired-driving-prevention-month/,2025-12-05,Presidential Message on National Impaired Driving Prevention Month
141,https://www.whitehouse.gov/briefings-statements/2025/12/u-s-first-lady-melania-trump-welcomes-progress-in-russia-ukraine-childrens-reunification-initiative/,2025-12-04,U.S. First Lady Melania Trump Welcomes Progress in Russia – Ukraine Children’s Reunification Initiative
142,https://www.whitehouse.gov/fact-sheets/2025/12/fact-sheet-president-donald-j-trump-announces-the-reset-of-corporate-average-fuel-economy-cafe-standards/,2025-12-03,Fact Sheet: President Donald J. Trump Announces the Reset of Corporate Average Fuel Economy (CAFE) Standards
143,https://www.whitehouse.gov/briefings-statements/2025/11/readout-of-peace-talks-in-geneva/,2025-11-24,Readout of Peace Talks in Geneva
144,https://www.whitehouse.gov/fact-sheets/2025/11/fact-sheet-president-donald-j-trump-begins-process-to-designate-certain-muslim-brotherhood-chapters-as-foreign-terrorist-organizations-and-specially-designated-global-terrorists/,2025-11-24,Fact Sheet: President Donald J. Trump Begins Process to Designate Certain Muslim Brotherhood Chapters as Foreign Terrorist Organizations and Specially Designated Global Terrorists
145,https://www.whitehouse.gov/briefings-statements/2025/11/joint-statement-on-united-states-ukraine-meeting/,2025-11-23,JOINT STATEMENT ON UNITED STATES-UKRAINE MEETING
146,https://www.whitehouse.gov/fact-sheets/2025/11/fact-sheet-president-donald-j-trump-grants-regulatory-relief-from-burdensome-epa-restrictions-to-protect-americas-coke-production-and-steel-security/,2025-11-21,Fact Sheet: President Donald J. Trump Grants Regulatory Relief from Burdensome EPA Restrictions to Protect America’s Coke Production and Steel Security
147,https://www.whitehouse.gov/fact-sheets/2025/11/fact-sheet-president-donald-j-trump-solidifies-economic-and-defense-partnership-with-the-kingdom-of-saudi-arabia/,2025-11-18,Fact Sheet: President Donald J. Trump Solidifies Economic and Defense Partnership with the Kingdom of Saudi Arabia
148,https://www.whitehouse.gov/briefings-statements/2025/11/presidential-message-on-american-education-week/,2025-11-17,Presidential Message on American Education Week
149,https://www.whitehouse.gov/fact-sheets/2025/11/joint-fact-sheet-on-president-donald-j-trumps-meeting-with-president-lee-jae-myung/,2025-11-14,Joint Fact Sheet on President Donald J. Trump’s Meeting with President Lee Jae Myung
150,https://www.whitehouse.gov/fact-sheets/2025/11/fact-sheet-president-donald-j-trump-announces-historic-trade-deals-with-western-hemisphere-trading-partners/,2025-11-14,Fact Sheet: President Donald J. Trump Announces Historic Trade Deals with Western Hemisphere Trading Partners
151,https://www.whitehouse.gov/briefings-statements/2025/11/joint-statement-on-a-framework-for-a-united-states-switzerland-liechtenstein-agreement-on-fair-balanced-and-reciprocal-trade/,2025-11-14,"Joint Statement on a Framework for a United States – Switzerland – Liechtenstein Agreement on Fair, Balanced, and Reciprocal Trade"
152,https://www.whitehouse.gov/fact-sheets/2025/11/fact-sheet-the-united-states-switzerland-and-liechtenstein-reach-a-historic-trade-deal/,2025-11-14,"Fact Sheet: The United States, Switzerland, and Liechtenstein Reach a Historic Trade Deal"
153,https://www.whitehouse.gov/fact-sheets/2025/11/fact-sheet-following-trade-deal-announcements-president-donald-j-trump-modifies-the-scope-of-the-reciprocal-tariffs-with-respect-to-certain-agricultural-products/,2025-11-14,"Fact Sheet: Following Trade Deal Announcements, President Donald J. Trump Modifies the Scope of the Reciprocal Tariffs with Respect to Certain Agricultural Products"
154,https://www.whitehouse.gov/briefings-statements/2025/11/joint-statement-on-framework-for-united-states-guatemala-agreement-on-reciprocal-trade/,2025-11-13,JOINT STATEMENT ON FRAMEWORK FOR UNITED STATES-GUATEMALA AGREEMENT ON RECIPROCAL TRADE
155,https://www.whitehouse.gov/briefings-statements/2025/11/joint-statement-on-framework-for-united-states-ecuador-agreement-on-reciprocal-trade/,2025-11-13,JOINT STATEMENT ON FRAMEWORK FOR UNITED STATES-ECUADOR AGREEMENT ON RECIPROCAL TRADE
156,https://www.whitehouse.gov/briefings-statements/2025/11/joint-statement-on-framework-for-united-states-el-salvador-agreement-on-reciprocal-trade/,2025-11-13,JOINT STATEMENT ON FRAMEWORK FOR UNITED STATES-EL SALVADOR AGREEMENT ON RECIPROCAL TRADE
157,https://www.whitehouse.gov/briefings-statements/2025/11/joint-statement-on-framework-for-a-united-states-argentina-agreement-on-reciprocal-trade-and-investment/,2025-11-13,JOINT STATEMENT ON FRAMEWORK FOR A UNITED STATES-ARGENTINA AGREEMENT ON RECIPROCAL TRADE AND INVESTMENT
158,https://www.whitehouse.gov/briefings-statements/2025/11/first-lady-melania-trump-named-patriot-of-the-year/,2025-11-07,First Lady Melania Trump Named “Patriot of the Year”
159,https://www.whitehouse.gov/fact-sheets/2025/11/fact-sheet-president-donald-j-trump-secures-major-settlement-with-cornell-university/,2025-11-07,Fact Sheet: President Donald J. Trump Secures Major Settlement with Cornell University
160,https://www.whitehouse.gov/fact-sheets/2025/11/fact-sheet-president-donald-j-trump-announces-major-developments-in-bringing-most-favored-nation-pricing-to-american-patients/,2025-11-06,Fact Sheet: President Donald J. Trump Announces Major Developments in Bringing Most-Favored-Nation Pricing to American Patients
161,https://www.whitehouse.gov/briefings-statements/2025/11/presidential-message-on-national-entrepreneurship-month/,2025-11-04,Presidential Message on National Entrepreneurship Month
162,https://www.whitehouse.gov/briefings-statements/2025/11/presidential-message-on-national-native-american-heritage-month/,2025-11-04,Presidential Message on National Native American Heritage Month
163,https://www.whitehouse.gov/fact-sheets/2025/11/fact-sheet-president-donald-j-trump-strikes-deal-on-economic-and-trade-relations-with-china/,2025-11-01,Fact Sheet: President Donald J. Trump Strikes Deal on Economic and Trade Relations with China
164,https://www.whitehouse.gov/briefings-statements/2025/10/the-republic-of-korea-joins-first-lady-melania-trumps-fostering-the-future-together/,2025-10-30,The Republic of Korea Joins First Lady Melania Trump’s Fostering the Future Together
165,https://www.whitehouse.gov/fact-sheets/2025/10/fact-sheet-president-donald-j-trump-brings-home-more-billion-dollar-deals-during-state-visit-to-the-republic-of-korea/,2025-10-29,Fact Sheet:  President Donald J. Trump Brings Home More Billion Dollar Deals During State Visit to the Republic of Korea
166,https://www.whitehouse.gov/briefings-statements/2025/10/united-states-japan-framework-for-securing-the-supply-of-critical-minerals-and-rare-earths-through-mining-and-processing/,2025-10-28,United States-Japan Framework For Securing the Supply of Critical Minerals and Rare Earths through Mining and Processing
167,https://www.whitehouse.gov/fact-sheets/2025/10/28195/,2025-10-28,Fact Sheet: President Donald J. Trump Drives Forward Billions in Investments from Japan
168,https://www.whitehouse.gov/briefings-statements/2025/10/presidential-message-on-the-birthday-of-president-theodore-roosevelt/,2025-10-27,Presidential Message on the Birthday of President Theodore Roosevelt
169,https://www.whitehouse.gov/briefings-statements/2025/10/agreement-between-the-united-states-of-america-and-the-kingdom-of-cambodia-on-reciprocal-trade/,2025-10-26,AGREEMENT BETWEEN THE UNITED STATES OF AMERICA AND THE KINGDOM OF CAMBODIA ON RECIPROCAL TRADE
170,https://www.whitehouse.gov/briefings-statements/2025/10/agreement-between-the-united-states-of-america-and-malaysia-on-reciprocal-trade/,2025-10-26,AGREEMENT BETWEEN THE UNITED STATES OF AMERICA AND MALAYSIA ON RECIPROCAL TRADE
171,https://www.whitehouse.gov/briefings-statements/2025/10/joint-statement-on-united-states-vietnam-framework-for-an-agreement-on-reciprocal-fair-and-balanced-trade/,2025-10-26,"JOINT STATEMENT ON A UNITED STATES-VIET NAM FRAMEWORK FOR AN AGREEMENT ON RECIPROCAL, FAIR, AND BALANCED TRADE"
172,https://www.whitehouse.gov/briefings-statements/2025/10/joint-statement-on-a-framework-for-a-united-states-thailand-agreement-on-reciprocal-trade/,2025-10-26,JOINT STATEMENT ON A FRAMEWORK FOR A UNITED STATES-THAILAND AGREEMENT ON RECIPROCAL TRADE
173,https://www.whitehouse.gov/briefings-statements/2025/10/joint-declaration-by-the-prime-minister-of-the-kingdom-of-cambodia-and-the-prime-minister-of-the-kingdom-of-thailand-on-the-outcomes-of-their-meeting-in-kuala-lampur-malaysia/,2025-10-26,"Joint Declaration by the Prime Minister of the Kingdom of Cambodia and the Prime Minister of the Kingdom of Thailand on the outcomes of their meeting in Kuala Lumpur, Malaysia"
174,https://www.whitehouse.gov/briefings-statements/2025/10/memorandum-of-understanding-between-the-government-of-the-united-states-of-america-and-the-government-of-the-kingdom-of-thailand-concerning-cooperation-to-diversify-global-critical-minerals-supply-cha/,2025-10-26,MEMORANDUM OF UNDERSTANDING BETWEEN THE GOVERNMENT OF THE UNITED STATES OF AMERICA AND THE GOVERNMENT OF THE KINGDOM OF THAILAND CONCERNING COOPERATION TO DIVERSIFY GLOBAL CRITICAL MINERALS SUPPLY CHAINS AND PROMOTE INVESTMENTS
175,https://www.whitehouse.gov/briefings-statements/2025/10/joint-statement-on-united-states-cambodia-agreement-on-reciprocal-trade/,2025-10-26,JOINT STATEMENT ON UNITED STATES-CAMBODIA AGREEMENT ON RECIPROCAL TRADE
176,https://www.whitehouse.gov/briefings-statements/2025/10/joint-statement-on-united-states-malaysia-agreement-on-reciprocal-trade/,2025-10-26,JOINT STATEMENT ON UNITED STATES-MALAYSIA AGREEMENT ON RECIPROCAL TRADE
177,https://www.whitehouse.gov/briefings-statements/2025/10/memorandum-of-understanding-between-the-government-of-the-united-states-of-america-and-the-government-of-malaysia-concerning-cooperation-to-diversify-global-critical-minerals-supply-chains-and-promote/,2025-10-26,MEMORANDUM OF UNDERSTANDING BETWEEN THE GOVERNMENT OF THE UNITED STATES OF AMERICA AND THE GOVERNMENT OF MALAYSIA CONCERNING COOPERATION TO DIVERSIFY GLOBAL CRITICAL MINERALS SUPPLY CHAINS AND PROMOTE INVESTMENTS
178,https://www.whitehouse.gov/fact-sheets/2025/10/fact-sheet-president-donald-j-trump-secures-peace-and-prosperity-in-malaysia/,2025-10-26,Fact Sheet: President Donald J. Trump Secures Peace and Prosperity in Malaysia
179,https://www.whitehouse.gov/fact-sheets/2025/10/fact-sheet-president-donald-j-trump-grants-regulatory-relief-from-burdensome-epa-restrictions-to-promote-american-copper-security/,2025-10-24,Fact Sheet: President Donald J. Trump Grants Regulatory Relief from Burdensome EPA Restrictions to Promote American Copper Security
180,https://www.whitehouse.gov/briefings-statements/2025/10/united-states-australia-framework-for-securing-of-supply-in-the-mining-and-processing-of-critical-minerals-and-rare-earths/,2025-10-20,United States-Australia Framework For Securing of Supply in the Mining and Processing of Critical Minerals and Rare Earths
181,https://www.whitehouse.gov/fact-sheets/2025/10/fact-sheet-president-donald-j-trump-addresses-the-threat-to-national-security-from-imports-of-medium-and-heavy-duty-vehicles-parts-and-buses/,2025-10-17,"Fact Sheet: President Donald J. Trump Addresses the Threat to National Security from Imports of Medium and Heavy-Duty Vehicles, Parts, and Buses"
182,https://www.whitehouse.gov/fact-sheets/2025/10/fact-sheet-president-donald-j-trump-ensures-continued-accountability-in-federal-hiring/,2025-10-15,Fact Sheet: President Donald J. Trump Ensures Continued Accountability in Federal Hiring
183,https://www.whitehouse.gov/briefings-statements/2025/10/presidential-message-on-the-birthday-of-president-dwight-d-eisenhower/,2025-10-14,Presidential Message on the Birthday of President Dwight D. Eisenhower
184,https://www.whitehouse.gov/briefings-statements/2025/10/presidential-message-on-national-youth-substance-abuse-prevention-month/,2025-10-10,Presidential Message on National Domestic Violence Awareness Month
185,https://www.whitehouse.gov/briefings-statements/2025/10/presidential-message-on-down-syndrome-awareness-month/,2025-10-10,PRESIDENTIAL MESSAGE ON DOWN SYNDROME AWARENESS MONTH
186,https://www.whitehouse.gov/fact-sheets/2025/10/fact-sheet-president-donald-j-trump-announces-second-deal-to-bring-most-favored-nation-pricing-to-american-patients/,2025-10-10,Fact Sheet: President Donald J. Trump Announces Second Deal to Bring Most-Favored-Nation Pricing to American Patients
187,https://www.whitehouse.gov/briefings-statements/2025/10/presidential-message-on-german-american-day-2025/,2025-10-06,"Presidential Message on German-American Day, 2025"
188,https://www.whitehouse.gov/fact-sheets/2025/10/fact-sheet-president-donald-j-trump-approves-ambler-road-project-to-unlock-alaskas-mineral-potential/,2025-10-06,Fact Sheet: President Donald J. Trump Approves Ambler Road Project to Unlock Alaska’s Mineral Potential
189,https://www.whitehouse.gov/fact-sheets/2025/09/fact-sheet-president-donald-j-trump-addresses-the-threat-to-national-security-from-imports-of-timber-lumber-and-their-derivative-products-e810/,2025-09-30,"Fact Sheet: President Donald J. Trump Addresses the Threat to National Security from Imports of Timber, Lumber, and Their Derivative Products"
190,https://www.whitehouse.gov/fact-sheets/2025/09/fact-sheet-president-donald-j-trump-announces-first-deal-to-bring-most-favored-nation-pricing-to-american-patients/,2025-09-30,Fact Sheet: President Donald J. Trump Announces First Deal to Bring Most-Favored-Nation Pricing to American Patients
191,https://www.whitehouse.gov/fact-sheets/2025/09/fact-sheet-president-donald-j-trump-saves-tiktok-while-protecting-national-security/,2025-09-25,Fact Sheet: President Donald J. Trump Saves TikTok While Protecting National Security
192,https://www.whitehouse.gov/fact-sheets/2025/09/fact-sheet-president-donald-j-trump-develops-new-strategy-to-counter-domestic-terrorism-and-organized-political-violence/,2025-09-25,Fact Sheet: President Donald J. Trump Develops New Strategy to Counter Domestic Terrorism and Organized Political Violence
193,https://www.whitehouse.gov/briefings-statements/2025/09/presidential-message-on-national-gang-violence-prevention-week/,2025-09-23,Presidential Message on National Gang Violence Prevention Week
194,https://www.whitehouse.gov/fact-sheets/2025/09/fact-sheet-president-donald-j-trump-launches-the-gold-card-program/,2025-09-19,Fact Sheet: President Donald J. Trump Launches the Gold Card Program
195,https://www.whitehouse.gov/fact-sheets/2025/09/fact-sheet-president-donald-j-trump-suspends-the-entry-of-certain-alien-nonimmigrant-workers/,2025-09-19,Fact Sheet: President Donald J. Trump Suspends the Entry of Certain Alien Nonimmigrant Workers
196,https://www.whitehouse.gov/fact-sheets/2025/09/fact-sheet-the-u-s-uk-special-relationship/,2025-09-19,Fact Sheet: The U.S.-UK Special Relationship
197,https://www.whitehouse.gov/fact-sheets/2025/09/fact-sheet-president-donald-j-trump-restores-law-and-order-in-memphis/,2025-09-15,Fact Sheet: President Donald J. Trump Restores Law and Order in Memphis
198,https://www.whitehouse.gov/fact-sheets/2025/09/fact-sheet-president-donald-j-trump-implements-a-historic-u-s-japan-framework-agreement/,2025-09-05,Fact Sheet: President Donald J. Trump Implements A Historic U.S.-Japan Framework Agreement
199,https://www.whitehouse.gov/fact-sheets/2025/09/fact-sheet-president-donald-j-trump-strengthens-efforts-to-protect-u-s-nationals-from-wrongful-detention-abroad/,2025-09-05,Fact Sheet: President Donald J. Trump Strengthens Efforts to Protect U.S. Nationals from Wrongful Detention Abroad
200,https://www.whitehouse.gov/fact-sheets/2025/09/fact-sheet-president-donald-j-trump-modifies-the-scope-of-reciprocal-tariffs-and-establishes-procedures-for-implementing-trade-deals/,2025-09-05,Fact Sheet: President Donald J. Trump Modifies the Scope of Reciprocal Tariffs and Establishes Procedures for Implementing Trade Deals
201,https://www.whitehouse.gov/briefings-statements/2025/09/presidential-message-on-national-preparedness-month/,2025-09-02,Presidential Message on National Preparedness Month
202,https://www.whitehouse.gov/briefings-statements/2025/09/presidential-message-on-national-alcohol-and-drug-addiction-recovery-month/,2025-09-02,Presidential Message on National Alcohol and Drug Addiction Recovery Month
203,https://www.whitehouse.gov/briefings-statements/2025/08/historic-pocket-rescission-package-eliminates-woke-weaponized-and-wasteful-spending/,2025-08-29,"Historic Pocket Rescission Package Eliminates Woke, Weaponized, and Wasteful Spending"
204,https://www.whitehouse.gov/fact-sheets/2025/08/fact-sheet-president-donald-j-trump-prevents-improper-use-of-federal-grants-for-political-lobbying/,2025-08-28,Fact Sheet: President Donald J. Trump Prevents Improper Use of Federal Grants for Political Lobbying
205,https://www.whitehouse.gov/fact-sheets/2025/08/fact-sheet-president-donald-j-trump-exempts-agencies-with-national-security-missions-from-federal-collective-bargaining-requirements-6a95/,2025-08-28,Fact Sheet: President Donald J. Trump Exempts Agencies with National Security Missions from Federal Collective Bargaining Requirements
206,https://www.whitehouse.gov/fact-sheets/2025/08/fact-sheet-president-donald-j-trump-takes-additional-measures-to-address-the-crime-emergency-in-the-district-of-columbia/,2025-08-25,Fact Sheet: President Donald J. Trump Takes Additional Measures to Address the Crime Emergency in the District of Columbia
207,https://www.whitehouse.gov/fact-sheets/2025/08/fact-sheet-president-donald-j-trump-protects-the-american-flag-from-desecration/,2025-08-25,Fact Sheet: President Donald J. Trump Protects the American Flag from Desecration
208,https://www.whitehouse.gov/fact-sheets/2025/08/fact-sheet-president-donald-j-trump-imposes-measures-to-end-cashless-bail-and-enforce-the-law-in-washington-d-c/,2025-08-25,"Fact Sheet: President Donald J. Trump Imposes Measures to End Cashless Bail and Enforce the Law in Washington, D.C."
209,https://www.whitehouse.gov/fact-sheets/2025/08/fact-sheet-president-donald-j-trump-takes-steps-to-end-cashless-bail-to-protect-americans/,2025-08-25,Fact Sheet: President Donald J. Trump Takes Steps to End Cashless Bail to Protect Americans
210,https://www.whitehouse.gov/briefings-statements/2025/08/joint-statement-on-a-united-states-european-union-framework-on-an-agreement-on-reciprocal-fair-and-balanced-trade/,2025-08-21,"Joint Statement on a United States-European Union Framework on an Agreement on Reciprocal, Fair, and Balanced Trade"
211,https://www.whitehouse.gov/briefings-statements/2025/08/presidential-message-on-national-employer-support-of-the-guard-and-reserve-week/,2025-08-19,Presidential Message on National Employer Support of the Guard and Reserve Week
212,https://www.whitehouse.gov/fact-sheets/2025/08/fact-sheet-president-donald-j-trump-continues-the-suspension-of-the-heightened-tariffs-on-china/,2025-08-12,Fact Sheet: President Donald J. Trump Continues the Suspension of the Heightened Tariffs on China
213,https://www.whitehouse.gov/briefings-statements/2025/08/joint-statement-on-u-s-china-economic-and-trade-meeting-in-stockholm/,2025-08-12,Joint Statement on U.S.-China Economic and Trade Meeting in Stockholm
214,https://www.whitehouse.gov/fact-sheets/2025/08/fact-sheet-president-donald-j-trump-declares-a-crime-emergency-to-restore-safety-in-the-district-of-columbia/,2025-08-11,Fact Sheet: President Donald J. Trump Declares a Crime Emergency to Restore Safety in the District of Columbia
215,https://www.whitehouse.gov/fact-sheets/2025/08/fact-sheet-president-donald-j-trump-restores-law-and-order-in-the-district-of-columbia/,2025-08-11,Fact Sheet: President Donald J. Trump Restores Law and Order in the District of Columbia
216,https://www.whitehouse.gov/fact-sheets/2025/08/fact-sheet-president-donald-j-trump-stops-wasteful-grantmaking/,2025-08-07,Fact Sheet: President Donald J. Trump Stops Wasteful Grantmaking
217,https://www.whitehouse.gov/fact-sheets/2025/08/fact-sheet-president-donald-j-trump-democratizes-access-to-alternative-assets-for-401k-investors/,2025-08-07,Fact Sheet: President Donald J. Trump Democratizes Access to Alternative Assets for 401(k) Investors
218,https://www.whitehouse.gov/fact-sheets/2025/08/fact-sheet-president-donald-j-trump-ensures-transparency-in-higher-education-admissions/,2025-08-07,Fact Sheet: President Donald J. Trump Ensures Transparency in Higher Education Admissions
219,https://www.whitehouse.gov/fact-sheets/2025/08/fact-sheet-president-donald-j-trump-addresses-threats-to-the-united-states-by-the-government-of-the-russian-federation/,2025-08-06,Fact Sheet: President Donald J. Trump Addresses Threats to the United States by the Government of the Russian Federation
220,https://www.whitehouse.gov/briefings-statements/2025/08/presidential-message-on-the-235th-birthday-of-the-united-states-coast-guard/,2025-08-04,Presidential Message on the 235th Birthday of the United States Coast Guard
221,https://www.whitehouse.gov/briefings-statements/2025/07/presidential-message-on-the-406th-anniversary-of-the-first-representative-legislative-assembly-in-america/,2025-07-31,Presidential Message on the 406th Anniversary of the First Representative Legislative Assembly in America
222,https://www.whitehouse.gov/fact-sheets/2025/07/fact-sheet-president-donald-j-trump-announces-actions-to-get-americans-the-best-prices-in-the-world-for-prescription-drugs/,2025-07-31,Fact Sheet: President Donald J. Trump Announces Actions to Get Americans the Best Prices in the World for Prescription Drugs
223,https://www.whitehouse.gov/fact-sheets/2025/07/fact-sheet-president-donald-j-trump-further-modifies-the-reciprocal-tariff-rates/,2025-07-31,Fact Sheet: President Donald J. Trump Further Modifies the Reciprocal Tariff Rates
224,https://www.whitehouse.gov/fact-sheets/2025/07/fact-sheet-president-donald-j-trump-amends-duties-to-address-the-flow-of-illicit-drugs-across-our-northern-border/,2025-07-31,Fact Sheet: President Donald J. Trump Amends Duties to Address the Flow of Illicit Drugs Across our Northern Border
225,https://www.whitehouse.gov/fact-sheets/2025/07/fact-sheet-president-donald-j-trump-is-protecting-the-united-states-national-security-and-economy-by-suspending-the-de-minimis-exemption-for-commercial-shipments-globally/,2025-07-30,Fact Sheet: President Donald J. Trump is Protecting the United States’ National Security and Economy by Suspending the De Minimis Exemption for Commercial Shipments Globally
226,https://www.whitehouse.gov/fact-sheets/2025/07/fact-sheet-president-donald-j-trump-secures-major-settlement-with-brown-university/,2025-07-30,Fact Sheet: President Donald J. Trump Secures Major Settlement with Brown University
227,https://www.whitehouse.gov/fact-sheets/2025/07/fact-sheet-president-donald-j-trump-takes-action-to-address-the-threat-to-national-security-from-imports-of-copper/,2025-07-30,Fact Sheet: President Donald J. Trump Takes Action to Address the Threat to National Security from Imports of Copper
228,https://www.whitehouse.gov/fact-sheets/2025/07/fact-sheet-president-donald-j-trump-addresses-threats-to-the-united-states-from-the-government-of-brazil/,2025-07-30,Fact Sheet: President Donald J. Trump Addresses Threats to the United States from the Government of Brazil
229,https://www.whitehouse.gov/briefings-statements/2025/07/presidential-message-on-national-korean-war-veterans-armistice-day/,2025-07-28,PRESIDENTIAL MESSAGE ON NATIONAL KOREAN WAR VETERANS ARMISTICE DAY
230,https://www.whitehouse.gov/fact-sheets/2025/07/fact-sheet-the-united-states-and-european-union-reach-massive-trade-deal/,2025-07-28,Fact Sheet: The United States and European Union Reach Massive Trade Deal
231,https://www.whitehouse.gov/fact-sheets/2025/07/fact-sheet-president-donald-j-trump-secures-major-settlement-with-columbia-university/,2025-07-24,Fact Sheet: President Donald J. Trump Secures Major Settlement with Columbia University
232,https://www.whitehouse.gov/fact-sheets/2025/07/fact-sheet-president-donald-j-trump-saves-college-sports/,2025-07-24,Fact Sheet: President Donald J. Trump Saves College Sports
233,https://www.whitehouse.gov/fact-sheets/2025/07/fact-sheet-president-donald-j-trump-secures-unprecedented-u-s-japan-strategic-trade-and-investment-agreement/,2025-07-23,Fact Sheet: President Donald J. Trump Secures Unprecedented U.S.–Japan Strategic Trade and Investment Agreement
234,https://www.whitehouse.gov/fact-sheets/2025/07/fact-sheet-president-donald-j-trump-accelerates-federal-permitting-of-data-center-infrastructure/,2025-07-23,Fact Sheet: President Donald J. Trump Accelerates Federal Permitting of Data Center Infrastructure
235,https://www.whitehouse.gov/fact-sheets/2025/07/fact-sheet-president-donald-j-trump-prevents-woke-ai-in-the-federal-government/,2025-07-23,Fact Sheet: President Donald J. Trump Prevents Woke AI in the Federal Government
236,https://www.whitehouse.gov/fact-sheets/2025/07/fact-sheet-the-united-states-and-indonesia-reach-historic-trade-deal/,2025-07-22,Fact Sheet: The United States and Indonesia Reach Historic Trade Deal
237,https://www.whitehouse.gov/briefings-statements/2025/07/joint-statement-on-framework-for-united-states-indonesia-agreement-on-reciprocal-trade/,2025-07-22,JOINT STATEMENT ON FRAMEWORK FOR UNITED STATES-INDONESIA AGREEMENT ON RECIPROCAL TRADE
238,https://www.whitehouse.gov/fact-sheets/2025/07/fact-sheet-president-donald-j-trump-continues-enforcement-of-reciprocal-tariffs-and-announces-new-tariff-rates/,2025-07-07,Fact Sheet: President Donald J. Trump Continues Enforcement of Reciprocal Tariffs and Announces New Tariff Rates
239,https://www.whitehouse.gov/fact-sheets/2025/07/fact-sheet-president-donald-j-trump-ensures-accountability-and-prioritizes-public-safety-in-federal-hiring/,2025-07-07,Fact Sheet: President Donald J. Trump Ensures Accountability and Prioritizes Public Safety in Federal Hiring
240,https://www.whitehouse.gov/fact-sheets/2025/07/fact-sheet-president-donald-j-trump-ends-market-distorting-subsidies-for-unreliable-foreign-controlled-energy-sources/,2025-07-07,"Fact Sheet: President Donald J. Trump Ends Market Distorting Subsidies for Unreliable, Foreign-Controlled Energy Sources"
241,https://www.whitehouse.gov/briefings-statements/2025/07/presidential-message-on-the-249th-anniversary-of-the-adoption-of-the-declaration-of-independence/,2025-07-04,Presidential Message on the 249th Anniversary of the Adoption of the Declaration of Independence
242,https://www.whitehouse.gov/briefings-statements/2025/07/presidential-message-on-the-162nd-anniversary-of-the-battle-of-gettysburg/,2025-07-03,Presidential Message on the 162nd Anniversary of the Battle of Gettysburg
243,https://www.whitehouse.gov/fact-sheets/2025/06/fact-sheet-president-donald-j-trump-provides-for-the-revocation-of-syria-sanctions/,2025-06-30,Fact Sheet: President Donald J. Trump Provides for the Revocation of Syria Sanctions
244,https://www.whitehouse.gov/fact-sheets/2025/06/fact-sheet-president-donald-j-trump-strengthens-the-policy-of-the-united-states-toward-cuba/,2025-06-30,Fact Sheet: President Donald J. Trump Strengthens the Policy of the United States Toward Cuba
245,https://www.whitehouse.gov/fact-sheets/2025/06/fact-sheet-implementing-the-general-terms-of-the-u-s-uk-economic-prosperity-deal/,2025-06-17,Fact Sheet: Implementing the General Terms of the U.S.-UK Economic Prosperity Deal
246,https://www.whitehouse.gov/fact-sheets/2025/06/fact-sheet-president-donald-j-trump-stops-the-green-agenda-in-the-columbia-river-basin/,2025-06-12,Fact Sheet: President Donald J. Trump Stops the Green Agenda in the Columbia River Basin
247,https://www.whitehouse.gov/briefings-statements/2025/06/statement-from-the-white-house-d320/,2025-06-08,Statement from the White House
248,https://www.whitehouse.gov/briefings-statements/2025/06/presidential-message-on-the-81st-anniversary-of-d-day-2025/,2025-06-06,"Presidential Message on the 81st Anniversary of D-Day, 2025"
249,https://www.whitehouse.gov/fact-sheets/2025/06/fact-sheet-president-donald-j-trump-restores-american-airspace-sovereignty/,2025-06-06,Fact Sheet: President Donald J. Trump Restores American Airspace Sovereignty
250,https://www.whitehouse.gov/fact-sheets/2025/06/fact-sheet-president-donald-j-trump-unleashes-american-drone-dominance/,2025-06-06,Fact Sheet: President Donald J. Trump Unleashes American Drone Dominance
251,https://www.whitehouse.gov/fact-sheets/2025/06/fact-sheet-president-donald-j-trump-reprioritizes-cybersecurity-efforts-to-protect-america/,2025-06-06,Fact Sheet: President Donald J. Trump Reprioritizes Cybersecurity Efforts to Protect America
252,https://www.whitehouse.gov/briefings-statements/2025/06/presidential-message-on-the-83rd-anniversary-of-the-battle-of-midway/,2025-06-04,Presidential Message on the 83rd Anniversary of the Battle of Midway
253,https://www.whitehouse.gov/briefings-statements/2025/06/first-lady-melania-trumps-message-to-federal-trade-commission-underscores-commitment-to-child-protection-online/,2025-06-04,First Lady Melania Trump’s Message to Federal Trade Commission Underscores Commitment to Child Protection Online
254,https://www.whitehouse.gov/fact-sheets/2025/06/fact-sheet-president-donald-j-trump-restricts-the-entry-of-foreign-nationals-to-protect-the-united-states-from-foreign-terrorists-and-other-national-security-and-public-safety-threats/,2025-06-04,Fact Sheet: President Donald J. Trump Restricts the Entry of Foreign Nationals to Protect the United States from Foreign Terrorists and Other National Security and Public Safety Threats
255,https://www.whitehouse.gov/fact-sheets/2025/06/fact-sheet-president-donald-j-trump-restricts-foreign-student-visas-at-harvard-university/,2025-06-04,Fact Sheet: President Donald J. Trump Restricts Foreign Student Visas at Harvard University
256,https://www.whitehouse.gov/fact-sheets/2025/06/fact-sheet-president-donald-j-trump-increases-section-232-tariffs-on-steel-and-aluminum/,2025-06-03,Fact Sheet: President Donald J. Trump Increases Section 232 Tariffs on Steel and Aluminum
257,https://www.whitehouse.gov/briefings-statements/2025/05/presidential-message-on-national-missing-childrens-day-2025/,2025-05-25,"Presidential Message on National Missing Children’s Day, 2025"
258,https://www.whitehouse.gov/fact-sheets/2025/05/fact-sheet-president-donald-j-trump-streamlines-nuclear-reactor-testing-at-the-department-of-energy/,2025-05-23,Fact Sheet: President Donald J. Trump Streamlines Nuclear Reactor Testing at the Department of Energy
259,https://www.whitehouse.gov/fact-sheets/2025/05/fact-sheet-president-donald-j-trump-is-restoring-gold-standard-science-in-america/,2025-05-23,Fact Sheet: President Donald J. Trump is Restoring Gold Standard Science in America
260,https://www.whitehouse.gov/fact-sheets/2025/05/fact-sheet-president-donald-j-trump-deploys-advanced-nuclear-reactor-technologies-for-national-security/,2025-05-23,Fact Sheet: President Donald J. Trump Deploys Advanced Nuclear Reactor Technologies for National Security
261,https://www.whitehouse.gov/fact-sheets/2025/05/fact-sheet-president-donald-j-trump-reinvigorates-the-nuclear-industrial-base/,2025-05-23,Fact Sheet: President Donald J. Trump Reinvigorates the Nuclear Industrial Base
262,https://www.whitehouse.gov/fact-sheets/2025/05/fact-sheet-president-donald-j-trump-directs-reform-of-the-nuclear-regulatory-commission/,2025-05-23,Fact Sheet: President Donald J. Trump Directs Reform of the Nuclear Regulatory Commission
263,https://www.whitehouse.gov/briefings-statements/2025/05/first-lady-melania-trump-speaks-at-senate-spouses-luncheon-on-supporting-children-youth/,2025-05-21,First Lady Melania Trump Speaks at Senate Spouses Luncheon on Supporting Children & Youth
264,https://www.whitehouse.gov/briefings-statements/2025/05/first-lady-melania-trump-joins-president-trump-for-signing-of-the-take-it-down-act/,2025-05-20,First Lady Melania Trump Joins President Trump for Signing of the “TAKE IT DOWN” Act
265,https://www.whitehouse.gov/fact-sheets/2025/05/fact-sheet-president-donald-j-trump-secures-200-billion-in-new-u-s-uae-deals-and-accelerates-previously-committed-1-4-trillion-uae-investment/,2025-05-16,Fact Sheet: President Donald J. Trump Secures $200 Billion in New U.S.-UAE Deals and Accelerates Previously Committed $1.4 Trillion UAE Investment
266,https://www.whitehouse.gov/briefings-statements/2025/05/president-donald-trump-names-advisory-board-members-to-the-religious-liverty-commission/,2025-05-16,President Donald Trump Names Advisory Board Members to the Religious Liberty Commission
267,https://www.whitehouse.gov/fact-sheets/2025/05/fact-sheet-president-donald-j-trump-secures-historic-1-2-trillion-economic-commitment-in-qatar/,2025-05-14,Fact Sheet: President Donald J. Trump Secures Historic $1.2 Trillion Economic Commitment in Qatar
268,https://www.whitehouse.gov/fact-sheets/2025/05/fact-sheet-president-donald-j-trump-secures-historic-600-billion-investment-commitment-in-saudi-arabia/,2025-05-13,Fact Sheet: President Donald J. Trump Secures Historic $600 Billion Investment Commitment in Saudi Arabia
269,https://www.whitehouse.gov/briefings-statements/2025/05/joint-statement-on-u-s-china-economic-and-trade-meeting-in-geneva/,2025-05-12,Joint Statement on U.S.-China Economic and Trade Meeting in Geneva
270,https://www.whitehouse.gov/fact-sheets/2025/05/fact-sheet-president-donald-j-trump-secures-a-historic-trade-win-for-the-united-states/,2025-05-12,Fact Sheet: President Donald J. Trump Secures a Historic Trade Win for the United States
271,https://www.whitehouse.gov/fact-sheets/2025/05/fact-sheet-president-donald-j-trump-announces-actions-to-put-american-patients-first-by-lowering-drug-prices-and-stopping-foreign-free-riding-on-american-pharmaceutical-innovation/,2025-05-12,Fact Sheet: President Donald J. Trump Announces Actions to Put American Patients First by Lowering Drug Prices and Stopping Foreign Free-riding on American Pharmaceutical Innovation
272,https://www.whitehouse.gov/briefings-statements/2025/05/presidential-message-on-the-national-womens-health-week-2025/,2025-05-12,"Message on National Women’s Health Week, 2025"
273,https://www.whitehouse.gov/fact-sheets/2025/05/fact-sheet-president-donald-j-trump-fights-overcriminalization-in-federal-regulations/,2025-05-09,Fact Sheet: President Donald J. Trump Fights Overcriminalization in Federal Regulations
274,https://www.whitehouse.gov/fact-sheets/2025/05/fact-sheet-president-donald-j-trump-protects-the-great-lakes-from-invasive-carp/,2025-05-09,Fact Sheet: President Donald J. Trump Protects the Great Lakes from Invasive Carp
275,https://www.whitehouse.gov/fact-sheets/2025/05/fact-sheet-president-donald-j-trump-establishes-project-homecoming/,2025-05-09,Fact Sheet: President Donald J. Trump Establishes Project Homecoming
276,https://www.whitehouse.gov/briefings-statements/2025/05/general-terms-for-the-united-states-of-america-and-the-united-kingdom-of-great-britain-and-northern-ireland-economic-prosperity-deal/,2025-05-08,General Terms for the United States of America and the United Kingdom of Great Britain and Northern Ireland Economic Prosperity Deal
277,https://www.whitehouse.gov/fact-sheets/2025/05/fact-sheet-u-s-uk-reach-historic-trade-deal/,2025-05-08,Fact Sheet: U.S.-UK Reach Historic Trade Deal
278,https://www.whitehouse.gov/fact-sheets/2025/05/fact-sheet-president-donald-j-trump-achieves-improved-safety-and-security-of-biological-research/,2025-05-05,Fact Sheet: President Donald J. Trump Achieves Improved Safety and Security of Biological Research
279,https://www.whitehouse.gov/fact-sheets/2025/05/fact-sheet-president-donald-j-trump-ends-the-taxpayer-subsidization-of-biased-media/,2025-05-02,Fact Sheet: President Donald J. Trump Ends the Taxpayer Subsidization of Biased Media
280,https://www.whitehouse.gov/briefings-statements/2025/05/the-white-house-office-of-management-and-budget-releases-the-presidents-fiscal-year-2026-skinny-budget/,2025-05-02,The White House Office of Management and Budget Releases the President’s Fiscal Year 2026 Skinny Budget
281,https://www.whitehouse.gov/briefings-statements/2025/05/president-trump-announces-religious-liberty-commission-members/,2025-05-01,President Trump Announces Religious Liberty Commission Members
282,https://www.whitehouse.gov/fact-sheets/2025/05/fact-sheet-president-donald-j-trump-secures-agreement-to-establish-united-states-ukraine-reconstruction-investment-fund/,2025-05-01,Fact Sheet: President Donald J. Trump Secures Agreement to Establish United States-Ukraine Reconstruction Investment Fund
283,https://www.whitehouse.gov/fact-sheets/2025/05/fact-sheet-president-donald-j-trump-establishes-the-religious-liberty-commission/,2025-05-01,Fact Sheet: President Donald J. Trump Establishes the Religious Liberty Commission
284,https://www.whitehouse.gov/fact-sheets/2025/04/fact-sheet-president-donald-j-trump-incentivizes-domestic-automobile-production/,2025-04-29,Fact Sheet: President Donald J. Trump Incentivizes Domestic Automobile Production
285,https://www.whitehouse.gov/fact-sheets/2025/04/report-to-the-president-on-protecting-children-from-surgical-and-chemical-mutilation-executive-summary/,2025-04-28,Report to the President on Protecting Children from Surgical and Chemical Mutilation Executive Summary
286,https://www.whitehouse.gov/fact-sheets/2025/04/fact-sheet-president-donald-j-trump-strengthens-americas-law-enforcement-to-pursue-criminals-and-protect-innocent-citizens/,2025-04-28,Fact Sheet: President Donald J. Trump Strengthens America’s Law Enforcement to Pursue Criminals and Protect Innocent Citizens
287,https://www.whitehouse.gov/fact-sheets/2025/04/fact-sheet-president-donald-j-trump-protects-american-communities-from-criminal-aliens/,2025-04-28,Fact Sheet: President Donald J. Trump Protects American Communities from Criminal Aliens
288,https://www.whitehouse.gov/fact-sheets/2025/04/fact-sheet-president-donald-j-trump-enforces-commonsense-rules-of-the-road-for-americas-truck-drivers/,2025-04-28,Fact Sheet: President Donald J. Trump Enforces Commonsense Rules of the Road for America’s Truck Drivers
289,https://www.whitehouse.gov/fact-sheets/2025/04/fact-sheet-president-donald-j-trump-unleashes-americas-offshore-critical-minerals-and-resources/,2025-04-24,Fact Sheet: President Donald J. Trump Unleashes America’s Offshore Critical Minerals and Resources
290,https://www.whitehouse.gov/fact-sheets/2025/04/fact-sheet-president-donald-j-trump-investigates-unlawful-straw-donor-and-foreign-contributions-in-american-elections/,2025-04-24,Fact Sheet: President Donald J. Trump Investigates Unlawful “Straw Donor” and Foreign Contributions in American Elections
291,https://www.whitehouse.gov/fact-sheets/2025/04/fact-sheet-president-donald-j-trump-reforms-accreditation-to-strengthen-higher-education/,2025-04-23,Fact Sheet: President Donald J. Trump Reforms Accreditation to Strengthen Higher Education
292,https://www.whitehouse.gov/fact-sheets/2025/04/fact-sheet-president-donald-j-trump-modernizes-american-workforce-programs-for-the-high-paying-skilled-trade-jobs-of-the-future/,2025-04-23,Fact Sheet: President Donald J. Trump Modernizes American Workforce Programs for the High-Paying Skilled Trade Jobs of the Future
293,https://www.whitehouse.gov/fact-sheets/2025/04/fact-sheet-president-donald-j-trump-reinstates-commonsense-school-discipline-policies/,2025-04-23,Fact Sheet: President Donald J. Trump Reinstates Commonsense School Discipline Policies
294,https://www.whitehouse.gov/fact-sheets/2025/04/fact-sheet-president-donald-j-trump-signs-landmark-order-to-restore-equality-of-opportunity-and-meritocracy/,2025-04-23,Fact Sheet: President Donald J. Trump Signs Landmark Order to Restore Equality of Opportunity and Meritocracy
295,https://www.whitehouse.gov/briefings-statements/2025/04/text-of-a-letter-from-the-president-to-the-speaker-of-the-house-of-representatives-and-the-president-pro-tempore-of-the-senate/,2025-04-22,Text of a Letter from the President to the Speaker of the House of Representatives and the President Pro Tempore of the Senate
296,https://www.whitehouse.gov/briefings-statements/2025/04/united-states-italy-joint-leaders-statement/,2025-04-18,United States – Italy Joint Leaders’ Statement
297,https://www.whitehouse.gov/briefings-statements/2025/04/first-lady-melania-trump-previews-2025-white-house-easter-egg-roll-activities/,2025-04-18,First Lady Melania Trump Previews 2025 White House Easter Egg Roll Activities
298,https://www.whitehouse.gov/fact-sheets/2025/04/fact-sheet-president-donald-j-trump-creates-new-federal-employee-category-to-enhance-accountability/,2025-04-18,Fact Sheet: President Donald J. Trump Creates New Federal Employee Category to Enhance Accountability
299,https://www.whitehouse.gov/fact-sheets/2025/04/fact-sheet-president-donald-j-trump-restores-american-seafood-competitiveness/,2025-04-17,Fact Sheet: President Donald J. Trump Restores American Seafood Competitiveness
300,https://www.whitehouse.gov/fact-sheets/2025/04/fact-sheet-president-donald-j-trump-unleashes-american-commercial-fishing-in-the-pacific/,2025-04-17,Fact Sheet: President Donald J. Trump Unleashes American Commercial Fishing in the Pacific
301,https://www.whitehouse.gov/fact-sheets/2025/04/fact-sheet-president-donald-j-trump-extends-the-hiring-freeze/,2025-04-17,Fact Sheet: President Donald J. Trump Extends the Hiring Freeze
302,https://www.whitehouse.gov/fact-sheets/2025/04/fact-sheet-president-donald-j-trump-ensures-national-security-and-economic-resilience-through-section-232-actions-on-processed-critical-minerals-and-derivative-products/,2025-04-15,Fact Sheet: President Donald J. Trump Ensures National Security and Economic Resilience Through Section 232 Actions on Processed Critical Minerals and Derivative Products
303,https://www.whitehouse.gov/fact-sheets/2025/04/fact-sheet-president-donald-j-trump-prevents-illegal-aliens-from-obtaining-social-security-act-benefits/,2025-04-15,Fact Sheet: President Donald J. Trump Prevents Illegal Aliens from Obtaining Social Security Act Benefits
304,https://www.whitehouse.gov/briefings-statements/2025/04/first-lady-melania-trump-celebrates-committee-passage-of-take-it-down-act-in-house-energy-commerce/,2025-04-09,First Lady Melania Trump Celebrates Committee Passage of Take It Down Act in House Energy & Commerce
305,https://www.whitehouse.gov/fact-sheets/2025/04/fact-sheet-president-donald-j-trump-restores-americas-maritime-dominance/,2025-04-09,Fact Sheet: President Donald J. Trump Restores America’s Maritime Dominance
306,https://www.whitehouse.gov/fact-sheets/2025/04/fact-sheet-president-donald-j-trump-modernizes-defense-acquisitions-and-spurs-innovation-in-the-defense-industrial-base/,2025-04-09,Fact Sheet: President Donald J. Trump Modernizes Defense Acquisitions and Spurs Innovation in the Defense Industrial Base
307,https://www.whitehouse.gov/fact-sheets/2025/04/fact-sheet-president-donald-j-trump-reforms-foreign-defense-sales-to-improve-speed-and-accountability/,2025-04-09,Fact Sheet: President Donald J. Trump Reforms Foreign Defense Sales to Improve Speed and Accountability
308,https://www.whitehouse.gov/fact-sheets/2025/04/fact-sheet-president-donald-j-trump-addresses-risks-from-susman-godfrey/,2025-04-09,Fact Sheet: President Donald J. Trump Addresses Risks from Susman Godfrey
309,https://www.whitehouse.gov/fact-sheets/2025/04/fact-sheet-president-donald-j-trump-addresses-risks-from-chris-krebs-and-government-censorship/,2025-04-09,Fact Sheet: President Donald J. Trump Addresses Risks from Chris Krebs and Government Censorship
310,https://www.whitehouse.gov/fact-sheets/2025/04/fact-sheet-president-donald-j-trump-directs-repeal-of-regulations-that-are-unlawful-under-10-recent-supreme-court-decisions/,2025-04-09,Fact Sheet: President Donald J. Trump Directs Repeal of Regulations That Are Unlawful Under 10 Recent Supreme Court Decisions
311,https://www.whitehouse.gov/fact-sheets/2025/04/fact-sheet-president-donald-j-trump-tackles-regulations-that-stifle-competition/,2025-04-09,Fact Sheet: President Donald J. Trump Tackles Regulations That Stifle Competition
312,https://www.whitehouse.gov/fact-sheets/2025/04/fact-sheet-president-donald-j-trump-reinvigorates-americas-beautiful-clean-coal-industry/,2025-04-08,Fact Sheet: President Donald J. Trump Reinvigorates America’s Beautiful Clean Coal Industry
313,https://www.whitehouse.gov/fact-sheets/2025/04/fact-sheet-president-donald-j-trump-protects-american-energy-from-state-overreach/,2025-04-08,Fact Sheet: President Donald J. Trump Protects American Energy from State Overreach
314,https://www.whitehouse.gov/briefings-statements/2025/04/cea-chairman-steve-miran-hudson-institute-event-remarks/,2025-04-07,CEA Chairman Steve Miran Hudson Institute Event Remarks
315,https://www.whitehouse.gov/fact-sheets/2025/04/report-to-the-president-on-the-america-first-trade-policy-executive-summary/,2025-04-03,Report to the President on the America First Trade Policy Executive Summary
316,https://www.whitehouse.gov/fact-sheets/2025/04/fact-sheet-president-donald-j-trump-declares-national-emergency-to-increase-our-competitive-edge-protect-our-sovereignty-and-strengthen-our-national-and-economic-security/,2025-04-02,"Fact Sheet: President Donald J. Trump Declares National Emergency to Increase our Competitive Edge, Protect our Sovereignty, and Strengthen our National and Economic Security"
317,https://www.whitehouse.gov/fact-sheets/2025/04/fact-sheet-president-donald-j-trump-closes-de-minimis-exemptions-to-combat-chinas-role-in-americas-synthetic-opioid-crisis/,2025-04-02,Fact Sheet: President Donald J. Trump Closes De Minimis Exemptions to Combat China’s Role in America’s Synthetic Opioid Crisis
318,https://www.whitehouse.gov/fact-sheets/2025/03/fact-sheet-president-donald-j-trump-will-end-price-gouging-by-middlemen-in-the-entertainment-industry/,2025-03-31,Fact Sheet: President Donald J. Trump Will End Price-Gouging by Middlemen in the Entertainment Industry
319,https://www.whitehouse.gov/fact-sheets/2025/03/a-report-of-the-domestic-policy-council/,2025-03-28,NATIONAL STRATEGY TO END THE USE OF PAPER STRAWS
320,https://www.whitehouse.gov/fact-sheets/2025/03/fact-sheet-president-donald-j-trump-exempts-agencies-with-national-security-missions-from-federal-collective-bargaining-requirements/,2025-03-28,Fact Sheet: President Donald J. Trump Exempts Agencies with National Security Missions from Federal Collective Bargaining Requirements
321,https://www.whitehouse.gov/fact-sheets/2025/03/fact-sheet-president-donald-j-trump-addresses-risks-from-wilmerhale/,2025-03-27,Fact Sheet: President Donald J. Trump Addresses Risks from WilmerHale
322,https://www.whitehouse.gov/fact-sheets/2025/03/fact-sheet-president-donald-j-trump-works-to-make-our-nations-capital-safe-and-beautiful/,2025-03-27,Fact Sheet: President Donald J. Trump Works to Make Our Nation’s Capital Safe and Beautiful
323,https://www.whitehouse.gov/fact-sheets/2025/03/fact-sheet-president-donald-j-trump-adjusts-imports-of-automobiles-and-automobile-parts-into-the-united-states/,2025-03-26,Fact Sheet: President Donald J. Trump Adjusts Imports of Automobiles and Automobile Parts into the United States
324,https://www.whitehouse.gov/fact-sheets/2025/03/fact-sheet-president-donald-j-trump-protects-the-integrity-of-american-elections/,2025-03-25,Fact Sheet: President Donald J. Trump Protects the Integrity of American Elections
325,https://www.whitehouse.gov/fact-sheets/2025/03/fact-sheet-president-donald-j-trump-addresses-risks-from-jenner-block/,2025-03-25,Fact Sheet: President Donald J. Trump Addresses Risks from Jenner & Block
326,https://www.whitehouse.gov/fact-sheets/2025/03/fact-sheet-president-donald-j-trump-imposes-tariffs-on-countries-importing-venezuelan-oil/,2025-03-25,Fact Sheet: President Donald J. Trump Imposes Tariffs on Countries Importing Venezuelan Oil
327,https://www.whitehouse.gov/briefings-statements/2025/03/outcomes-of-the-united-states-and-ukraine-expert-groups-on-the-black-sea/,2025-03-25,Outcomes of the United States and Ukraine Expert Groups On the Black Sea
328,https://www.whitehouse.gov/briefings-statements/2025/03/outcomes-of-the-united-states-and-russia-expert-groups-on-the-black-sea/,2025-03-25,Outcomes of the United States and Russia Expert Groups On the Black Sea
329,https://www.whitehouse.gov/fact-sheets/2025/03/fact-sheet-president-donald-j-trump-prevents-abuses-of-the-legal-system-and-the-federal-courts/,2025-03-21,Fact Sheet: President Donald J. Trump Prevents Abuses of the Legal System and the Federal Courts
330,https://www.whitehouse.gov/fact-sheets/2025/03/fact-sheet-president-donald-j-trump-takes-immediate-action-to-increase-american-mineral-production/,2025-03-21,Fact Sheet: President Donald J. Trump Takes Immediate Action to Increase American Mineral Production
331,https://www.whitehouse.gov/fact-sheets/2025/03/fact-sheet-president-donald-j-trump-empowers-parents-states-and-communities-to-improve-education-outcomes/,2025-03-20,"Fact Sheet: President Donald J. Trump Empowers Parents, States, and Communities to Improve Education Outcomes"
332,https://www.whitehouse.gov/briefings-statements/2025/03/statement-from-secretary-rubio-and-nsc-waltz-on-call-with-zelenskyy/,2025-03-19,Statement from Secretary Rubio and NSA Waltz on Call with Zelenskyy
333,https://www.whitehouse.gov/fact-sheets/2025/03/fact-sheet-president-donald-j-trump-removes-dei-from-the-foreign-service/,2025-03-18,Fact Sheet: President Donald J. Trump Removes DEI From the Foreign Service
334,https://www.whitehouse.gov/briefings-statements/2025/03/national-poison-prevention-week-2025/,2025-03-18,"National Poison Prevention Week, 2025"
335,https://www.whitehouse.gov/briefings-statements/2025/03/national-agriculture-day-2025/,2025-03-18,"National Agriculture Day, 2025"
336,https://www.whitehouse.gov/fact-sheets/2025/03/fact-sheet-president-donald-j-trump-addresses-risks-from-paul-weiss/,2025-03-15,Fact Sheet: President Donald J. Trump Addresses Risks from Paul Weiss
337,https://www.whitehouse.gov/fact-sheets/2025/03/fact-sheet-president-donald-j-trump-rescinds-additional-harmful-biden-executive-actions/,2025-03-15,Fact Sheet: President Donald J. Trump Rescinds Additional Harmful Biden Executive Actions
338,https://www.whitehouse.gov/briefings-statements/2025/03/presidential-message-on-the-birthday-of-president-andrew-jackson-2025/,2025-03-15,"Presidential Message on the Birthday of President Andrew Jackson, 2025"
339,https://www.whitehouse.gov/briefings-statements/2025/03/winning-inflation-eases-as-job-creation-soars-and-border-security-pays-off/,2025-03-12,WINNING: Inflation Eases as Job Creation Soars and Border Security Pays Off
340,https://www.whitehouse.gov/fact-sheets/2025/03/fact-sheet-president-donald-j-trump-restores-public-service-loan-forgiveness/,2025-03-08,Fact Sheet: President Donald J. Trump Restores Public Service Loan Forgiveness
341,https://www.whitehouse.gov/briefings-statements/2025/03/national-consumer-protection-week-2025/,2025-03-07,"National Consumer Protection Week, 2025"
342,https://www.whitehouse.gov/briefings-statements/2025/03/womens-history-month-2025/,2025-03-06,"Women’s History Month, 2025"
343,https://www.whitehouse.gov/briefings-statements/2025/03/irish-american-heritage-month-2025/,2025-03-06,"Irish-American Heritage Month, 2025"
344,https://www.whitehouse.gov/fact-sheets/2025/03/fact-sheet-president-donald-j-trump-ensures-the-enforcement-of-federal-rule-of-civil-procedure-65c/,2025-03-06,Fact Sheet: President Donald J. Trump Ensures the Enforcement of Federal Rule of Civil Procedure 65(c)
345,https://www.whitehouse.gov/fact-sheets/2025/03/fact-sheet-president-donald-j-trump-adresses-risks-from-perkins-coie-llp/,2025-03-06,Fact Sheet: President Donald J. Trump Addresses Risks from Perkins Coie LLP
346,https://www.whitehouse.gov/briefings-statements/2025/03/president-trump-announces-presidential-delegation-to-turin-italy-to-attend-the-opening-ceremony-of-the-2025-special-olympics-world-winter-games/,2025-03-06,"President Trump Announces Presidential Delegation to Turin, Italy to attend the Opening Ceremony of the 2025 Special Olympics World Winter Games"
347,https://www.whitehouse.gov/fact-sheets/2025/03/fact-sheet-president-donald-j-trump-adjusts-tariffs-on-canada-and-mexico-to-minimize-disruption-to-the-automotive-industry/,2025-03-06,Fact Sheet: President Donald J. Trump Adjusts Tariffs on Canada and Mexico to Minimize Disruption to the Automotive Industry
348,https://www.whitehouse.gov/briefings-statements/2025/03/presidential-message-on-the-255th-anniversary-of-the-boston-massacre-2025/,2025-03-05,"Presidential Message on the 255th Anniversary of the Boston Massacre, 2025"
349,https://www.whitehouse.gov/fact-sheets/2025/03/fact-sheet-president-donald-j-trump-honors-jocelyn-nungaray/,2025-03-05,Fact Sheet: President Donald J. Trump Honors Jocelyn Nungaray
350,https://www.whitehouse.gov/fact-sheets/2025/03/fact-sheet-president-donald-j-trump-proceeds-with-tariffs-on-imports-from-canada-and-mexico/,2025-03-04,Fact Sheet: President Donald J. Trump Proceeds with Tariffs on Imports from Canada and Mexico
351,https://www.whitehouse.gov/briefings-statements/2025/03/readout-from-first-lady-melania-trumps-roundtable-discussion-on-online-protection-and-the-take-it-down-act/,2025-03-03,Readout from First Lady Melania Trump’s Roundtable Discussion on Online Protection and the Take It Down Act
352,https://www.whitehouse.gov/fact-sheets/2025/03/fact-sheet-president-donald-j-trump-designates-english-as-the-official-language-of-the-united-states/,2025-03-01,Fact Sheet: President Donald J. Trump Designates English as the Official Language of the United States
353,https://www.whitehouse.gov/fact-sheets/2025/03/fact-sheet-president-donald-j-trump-addresses-the-threat-to-national-security-from-imports-of-timber-lumber-and-their-derivative-products/,2025-03-01,"Fact Sheet: President Donald J. Trump Addresses the Threat to National Security from Imports of Timber, Lumber, and Their Derivative Products"
354,https://www.whitehouse.gov/fact-sheets/2025/03/fact-sheet-president-donald-j-trump-rapidly-expands-timber-production/,2025-03-01,Fact Sheet: President Donald J. Trump Rapidly Expands Timber Production
355,https://www.whitehouse.gov/fact-sheets/2025/02/fact-sheet-president-donald-j-trump-directs-suspension-of-security-clearances-and-evaluation-of-government-contracts-for-involvement-in-government-weaponization/,2025-02-25,Fact Sheet: President Donald J. Trump Directs Suspension of Security Clearances and Evaluation of Government Contracts for Involvement in Government Weaponization
356,https://www.whitehouse.gov/fact-sheets/2025/02/fact-sheet-president-donald-j-trump-addresses-the-threat-to-national-security-from-imports-of-copper/,2025-02-25,Fact Sheet: President Donald J. Trump Addresses the Threat to National Security from Imports of Copper
357,https://www.whitehouse.gov/fact-sheets/2025/02/fact-sheet-president-donald-j-trump-encourages-foreign-investment-while-protecting-national-security/,2025-02-21,Fact Sheet: President Donald J. Trump Encourages Foreign Investment While Protecting National Security
358,https://www.whitehouse.gov/briefings-statements/2025/02/white-house-office-of-management-and-budget-announces-incoming-senior-appointees/,2025-02-21,White House Office of Management and Budget Announces Incoming Senior Appointees
359,https://www.whitehouse.gov/fact-sheets/2025/02/fact-sheet-president-donald-j-trump-issues-directive-to-prevent-the-unfair-exploitation-of-american-innovation/,2025-02-21,Fact Sheet: President Donald J. Trump Issues Directive to Prevent the Unfair Exploitation of American Innovation
360,https://www.whitehouse.gov/briefings-statements/2025/02/president-trump-announces-appointments-to-the-white-house-office-of-intergovernmental-affairs/,2025-02-20,President Trump Announces Appointments to the White House Office of Intergovernmental Affairs
361,https://www.whitehouse.gov/fact-sheets/2025/02/fact-sheet-president-donald-j-trump-ends-taxpayer-subsidization-of-open-borders/,2025-02-20,Fact Sheet: President Donald J. Trump Ends Taxpayer Subsidization of Open Borders
362,https://www.whitehouse.gov/fact-sheets/2025/02/fact-sheet-president-donald-j-trump-reins-in-government-overreach-and-begins-deconstruction-of-unconstitutional-administrative-state/,2025-02-20,Fact Sheet: President Donald J. Trump Reins in Government Overreach and Begins Deconstruction of Unconstitutional Administrative State
363,https://www.whitehouse.gov/briefings-statements/2025/02/president-trump-announces-appointments-to-the-white-house-office-of-political-affairs/,2025-02-19,President Trump Announces Appointments to the White House Office of Political Affairs
364,https://www.whitehouse.gov/fact-sheets/2025/02/fact-sheet-president-donald-j-trump-requires-transparency-for-the-american-people-about-wasteful-spending/,2025-02-18,Fact Sheet: President Donald J. Trump Requires Transparency for the American People About Wasteful Spending
365,https://www.whitehouse.gov/fact-sheets/2025/02/fact-sheet-president-donald-j-trump-reins-in-independent-agencies-to-restore-a-government-that-answers-to-the-american-people/,2025-02-18,Fact Sheet: President Donald J. Trump Reins in Independent Agencies to Restore a Government that Answers to the American People
366,https://www.whitehouse.gov/briefings-statements/2025/02/presidential-message-on-susan-b-anthony-day-2025/,2025-02-15,"Presidential Message on Susan B. Anthony Day, 2025"
367,https://www.whitehouse.gov/fact-sheets/2025/02/fact-sheet-president-donald-j-trump-establishes-the-national-energy-dominance-council/,2025-02-15,Fact Sheet: President Donald J. Trump Establishes the National Energy Dominance Council
368,https://www.whitehouse.gov/briefings-statements/2025/02/president-trump-announces-appointments-to-the-white-house-office-of-legislative-affairs/,2025-02-15,President Trump Announces Appointments to the White House Office of Legislative Affairs
369,https://www.whitehouse.gov/briefings-statements/2025/02/united-states-india-joint-leaders-statement/,2025-02-13,United States-India Joint Leaders’ Statement
370,https://www.whitehouse.gov/fact-sheets/2025/02/fact-sheet-president-donald-j-trump-announces-fair-and-reciprocal-plan-on-trade/,2025-02-13,Fact Sheet: President Donald J. Trump Announces “Fair and Reciprocal Plan” on Trade
371,https://www.whitehouse.gov/fact-sheets/2025/02/fact-sheet-president-donald-j-trump-restores-american-competitiveness-and-security-in-fcpa-enforcement/,2025-02-11,Fact Sheet: President Donald J. Trump Restores American Competitiveness and Security in FCPA Enforcement
372,https://www.whitehouse.gov/fact-sheets/2025/02/fact-sheet-president-donald-j-trump-restores-section-232-tariffs/,2025-02-11,Fact Sheet: President Donald J. Trump Restores Section 232 Tariffs
373,https://www.whitehouse.gov/fact-sheets/2025/02/fact-sheet-president-donald-j-trump-works-to-remake-americas-federal-workforce/,2025-02-11,Fact Sheet: President Donald J. Trump Works to Remake America’s Federal Workforce
374,https://www.whitehouse.gov/briefings-statements/2025/02/statement-from-the-national-security-advisor/,2025-02-11,Statement from the National Security Advisor
375,https://www.whitehouse.gov/briefings-statements/2025/02/united-states-japan-joint-leaders-statement/,2025-02-08,United States-Japan Joint Leaders’ Statement
376,https://www.whitehouse.gov/fact-sheets/2025/02/fact-sheet-president-donald-j-trump-addresses-human-rights-violations-in-south-africa/,2025-02-07,Fact Sheet: President Donald J. Trump Addresses Human Rights Violations in South Africa
377,https://www.whitehouse.gov/fact-sheets/2025/02/fact-sheet-president-donald-j-trump-establishes-white-house-faith-office/,2025-02-07,Fact Sheet: President Donald J. Trump Establishes White House Faith Office
378,https://www.whitehouse.gov/fact-sheets/2025/02/fact-sheet-president-donald-j-trump-is-protecting-americans-second-amendment-rights/,2025-02-07,Fact Sheet: President Donald J. Trump is Protecting Americans’ Second Amendment Rights
379,https://www.whitehouse.gov/fact-sheets/2025/02/fact-sheet-president-donald-j-trump-withdraws-from-anti-american-un-organizations/,2025-02-06,"Fact Sheet: President Donald J. Trump Protects Safety, Fairness, and Dignity in Women’s Sports"
380,https://www.whitehouse.gov/fact-sheets/2025/02/fact-sheet-president-donald-j-trump-eradicates-anti-christian-bias/,2025-02-06,Fact Sheet: President Donald J. Trump Eradicates Anti-Christian Bias
381,https://www.whitehouse.gov/fact-sheets/2025/02/fact-sheet-president-donald-j-trump-restores-maximum-pressure-on-iran/,2025-02-05,Fact Sheet: President Donald J. Trump Restores Maximum Pressure on Iran
382,https://www.whitehouse.gov/fact-sheets/2025/02/fact-sheet-president-donald-j-trump-orders-plan-for-a-united-states-sovereign-wealth-fund/,2025-02-03,Fact Sheet: President Donald J. Trump Orders Plan for a United States Sovereign Wealth Fund
383,https://www.whitehouse.gov/fact-sheets/2025/02/fact-sheet-president-donald-j-trump-imposes-tariffs-on-imports-from-canada-mexico-and-china/,2025-02-02,"Fact Sheet: President Donald J. Trump Imposes Tariffs on Imports from Canada, Mexico and China"
384,https://www.whitehouse.gov/fact-sheets/2025/01/fact-sheet-president-donald-j-trump-expands-educational-opportunities-for-american-families/,2025-01-30,Fact Sheet: President Donald J. Trump Expands Educational Opportunities for American Families
385,https://www.whitehouse.gov/fact-sheets/2025/01/fact-sheet-president-donald-j-trump-takes-forceful-and-unprecedented-steps-to-combat-anti-semitism/,2025-01-30,Fact Sheet: President Donald J. Trump Takes Forceful and Unprecedented Steps to Combat Anti-Semitism
386,https://www.whitehouse.gov/fact-sheets/2025/01/fact-sheet-president-donald-j-trump-ensures-military-excellence-and-readiness/,2025-01-27,Fact Sheet: President Donald J. Trump Ensures Military Excellence and Readiness
387,https://www.whitehouse.gov/fact-sheets/2025/01/fact-sheet-president-donald-j-trump-restores-merit-and-lethality-to-americas-armed-forces/,2025-01-27,Fact Sheet: President Donald J. Trump Restores Merit and Lethality to America’s Armed Forces
388,https://www.whitehouse.gov/briefings-statements/2025/01/statement-from-the-press-secretary/,2025-01-26,Statement from the Press Secretary
389,https://www.whitehouse.gov/briefings-statements/2025/01/president-trump-announces-appointments-to-the-white-house-offices-of-communications-public-liaison-and-cabinet-affairs/,2025-01-25,"President Trump Announces Appointments to the White House Offices of Communications, Public Liaison, and Cabinet Affairs"
390,https://www.whitehouse.gov/fact-sheets/2025/01/fact-sheet-president-donald-j-trump-enforces-overwhelmingly-popular-demand-to-stop-taxpayer-funding-of-abortion/,2025-01-25,Fact Sheet: President Donald J. Trump Enforces Overwhelmingly Popular Demand to Stop Taxpayer Funding of Abortion
391,https://www.whitehouse.gov/briefings-statements/2025/01/statement-of-administration-policy-h-r-21-born-alive-abortion-survivors-protection-act/,2025-01-23,STATEMENT OF ADMINISTRATION POLICY H.R. 21 – Born-Alive Abortion Survivors Protection Act
392,https://www.whitehouse.gov/fact-sheets/2025/01/fact-sheet-president-donald-j-trump-orders-declassification-of-jfk-rfk-and-mlk-assassination-files/,2025-01-23,"Fact Sheet: President Donald J. Trump Orders Declassification of JFK, RFK, and MLK Assassination Files"
393,https://www.whitehouse.gov/fact-sheets/2025/01/fact-sheet-president-donald-j-trump-delivers-emergency-price-relief-for-american-families-to-defeat-the-cost-of-living-crisis/,2025-01-22,Fact Sheet: President Donald J. Trump Delivers Emergency Price Relief for American Families to Defeat the Cost-of-Living Crisis
394,https://www.whitehouse.gov/fact-sheets/2025/01/fact-sheet-president-donald-j-trump-declares-a-national-emergency-at-the-southern-border/,2025-01-22,Fact Sheet: President Donald J. Trump Declares a National Emergency at the Southern Border
395,https://www.whitehouse.gov/fact-sheets/2025/01/fact-sheet-president-donald-j-trump-protects-the-states-and-the-american-people-by-closing-the-border-to-illegals-via-proclamation/,2025-01-22,FACT SHEET: President Donald J. Trump Protects the States and the American People by Closing the Border to Illegals via Proclamation
396,https://www.whitehouse.gov/fact-sheets/2025/01/fact-sheet-president-donald-j-trump-protects-civil-rights-and-merit-based-opportunity-by-ending-illegal-dei/,2025-01-22,Fact Sheet: President Donald J. Trump Protects Civil Rights and Merit-Based Opportunity by Ending Illegal DEI
397,https://www.whitehouse.gov/fact-sheets/2025/01/fact-sheet-president-donald-j-trump-ends-dei-madness-and-restores-excellence-and-safety-within-the-federal-aviation-administration/,2025-01-22,Fact Sheet: President Donald J. Trump Ends DEI Madness and Restores Excellence and Safety within the Federal Aviation Administration
398,https://www.whitehouse.gov/remarks/2025/01/the-inaugural-address/,2025-01-20,The Inaugural Address
399,https://www.whitehouse.gov/briefings-statements/2025/01/president-trumps-america-first-priorities/,2025-01-20,President Trump’s America First Priorities
