idx,url,date,title
0,https://www.whitehouse.gov/fact-sheets/2026/10/fact-sheet-president-donald-j-trump-promotes-diesel-affordability/,2026-10-06,Fact Sheet: President Donald J. Trump Promotes Diesel Affordability
1,https://www.whitehouse.gov/releases/2026/10/president-trump-takes-decisive-action-to-lower-diesel-costs-for-american-truckers-farmers/,2026-10-06,"President Trump Takes Decisive Action to Lower Diesel Costs for American Truckers, Farmers"
2,https://www.whitehouse.gov/presidential-actions/executive-orders/,2026-10-05,Executive Orders
3,https://www.whitehouse.gov/presidential-actions/,2026-10-05,Presidential Actions
4,https://www.whitehouse.gov/releases/,2026-10-05,Releases
5,https://www.whitehouse.gov/releases/2026/10/president-trump-and-republicans-are-delivering-real-results-for-nebraska/,2026-10-05,President Trump and Republicans Are Delivering Real Results for Nebraska
6,https://www.whitehouse.gov/releases/2026/10/us-leads-international-coalition-to-endorse-kyoto-vision-for-a-golden-age-of-science/,2026-10-04,U.S. Leads International Coalition to Endorse Kyoto Vision for a Golden Age of Science
7,https://www.whitehouse.gov/presidential-actions/proclamations/,2026-10-02,Proclamations
8,https://www.whitehouse.gov/presidential-actions/2026/10/national-manufacturing-day-2026/,2026-10-02,"NATIONAL MANUFACTURING DAY, 2026"
9,https://www.whitehouse.gov/releases/2026/10/new-report-dsa-policies-would-cost-americans-trillions/,2026-10-01,New Report: DSA Policies Would Cost Americans Trillions
10,https://www.whitehouse.gov/releases/2026/09/democrats-unanimously-vote-against-the-stop-insider-trading-act/,2026-10-01,Democrats UNANIMOUSLY Vote AGAINST the Stop Insider Trading Act
11,https://www.whitehouse.gov/releases/2026/09/icymi-president-trump-announces-largest-ever-steel-plant-coming-to-iowa/,2026-09-30,ICYMI: President Trump Announces Largest-Ever Steel Plant Coming to Iowa
12,https://www.whitehouse.gov/presidential-actions/2026/09/eliminating-disease-carrying-pests-and-restoring-enjoyment-of-the-great-outdoors/,2026-09-29,ELIMINATING DISEASE-CARRYING PESTS AND RESTORING ENJOYMENT OF THE GREAT OUTDOORS
13,https://www.whitehouse.gov/releases/2026/09/mined-melted-and-poured-in-america-president-trump-reverses-years-of-anti-mining-policy/,2026-09-28,"Mined, Melted, and Poured in America: President Trump Reverses Years of Anti-Mining Policy"
14,https://www.whitehouse.gov/presidential-actions/2026/09/nominations-sent-to-the-senate-e1fc/,2026-09-28,Nominations Sent to the Senate
15,https://www.whitehouse.gov/releases/2026/09/presidential-public-service-announcements-are-nothing-new/,2026-09-25,Presidential Public Service Announcements Are Nothing New
16,https://www.whitehouse.gov/releases/2026/09/president-trump-first-lady-conclude-historic-china-state-visit/,2026-09-25,"President Trump, First Lady Conclude Historic China State Visit"
17,https://www.whitehouse.gov/releases/2026/09/white-house-celebrates-recovery-month-with-a-call-to-action-for-more-recovery-friendly-workplaces/,2026-09-24,White House Celebrates Recovery Month with a Call to Action for More Recovery Friendly Workplaces
18,https://www.whitehouse.gov/releases/2026/09/president-trump-delivers-powerful-america-first-message-to-the-united-nations/,2026-09-23,President Trump Delivers Powerful America First Message to the United Nations
19,https://www.whitehouse.gov/releases/2026/09/president-trump-at-the-united-nations-while-others-have-talked-i-have-acted/,2026-09-22,"President Trump at the United Nations: “While Others Have Talked, I Have Acted”"
20,https://www.whitehouse.gov/releases/2026/09/president-trump-inks-historic-arctic-security-agreement/,2026-09-22,President Trump Inks Historic Arctic Security Agreement
21,https://www.whitehouse.gov/releases/2026/09/g20-energy-abundance-ministerial-concludes-with-four-consensus-outcomes/,2026-09-21,G20 Energy Abundance Ministerial Concludes with Four Consensus Outcomes
22,https://www.whitehouse.gov/releases/2026/09/white-house-access-is-a-privilege-not-a-right/,2026-09-21,White House Access Is a Privilege — Not a Right
23,https://www.whitehouse.gov/releases/2026/09/what-they-are-saying-president-trump-delivers-historic-victories-for-americas-hunters-anglers-and-outdoorsmen/,2026-09-18,"WHAT THEY ARE SAYING: President Trump Delivers Historic Victories for America’s Hunters, Anglers, and Outdoorsmen"
24,https://www.whitehouse.gov/presidential-actions/2026/09/restriction-on-entry-of-certain-nonimmigrant-workers-faad/,2026-09-18,RESTRICTION ON ENTRY OF CERTAIN NONIMMIGRANT WORKERS
25,https://www.whitehouse.gov/presidential-actions/2026/09/enhancing-program-integrity-and-integrity-and-interagency-coordination-in-the-administration-of-the-h-1b-nonimmigrant-visa-program/,2026-09-18,ENHANCING PROGRAM INTEGRITY AND INTERAGENCY COORDINATION IN THE ADMINISTRATION OF THE H-1B NONIMMIGRANT VISA PROGRAM
26,https://www.whitehouse.gov/presidential-actions/2026/09/restoring-american-saltwater-angling-and-recreation/,2026-09-17,RESTORING AMERICAN SALTWATER ANGLING AND RECREATION
27,https://www.whitehouse.gov/presidential-actions/2026/09/reinvigorating-americas-hunting-heritage/,2026-09-17,REINVIGORATING AMERICA’S HUNTING HERITAGE
28,https://www.whitehouse.gov/releases/2026/09/president-trumps-top-250-victories-for-people-of-faith/,2026-09-17,President Trump’s Top 250 Victories For People of Faith
29,https://www.whitehouse.gov/presidential-actions/2026/09/providing-meaningful-water-quality-improvements-through-collaboration-and-oversight-of-federal-support/,2026-09-16,PROVIDING MEANINGFUL WATER QUALITY IMPROVEMENTS THROUGH COLLABORATION AND OVERSIGHT OF FEDERAL SUPPORT
30,https://www.whitehouse.gov/presidential-actions/presidential-memoranda/,2026-09-16,Presidential Memoranda
31,https://www.whitehouse.gov/releases/2026/09/safer-stronger-built-in-america-president-trumps-record-in-north-carolina/,2026-09-16,"Safer, Stronger, Built in America: President Trump’s Record in North Carolina"
32,https://www.whitehouse.gov/presidential-actions/2026/09/restoring-reciprocity-in-government-procurement/,2026-09-16,RESTORING RECIPROCITY IN GOVERNMENT PROCUREMENT
33,https://www.whitehouse.gov/releases/2026/09/president-trump-promised-to-make-memphis-safe-again-one-year-later-the-numbers-prove-it/,2026-09-15,"President Trump Promised to Make Memphis Safe Again. One Year Later, the Numbers Prove It."
34,https://www.whitehouse.gov/releases/2026/09/trump-dividend-america-is-winning-and-americans-should-win-with-it/,2026-09-10,Trump Dividend: America Is Winning — and Americans Should Win With It
35,https://www.whitehouse.gov/releases/2026/09/president-trump-delivers-historic-results-for-the-american-people-in-under-two-years/,2026-09-09,President Trump Delivers Historic Results for the American People in Under Two Years
36,https://www.whitehouse.gov/presidential-actions/2026/09/patriot-day-2026-the-25th-anniversary-of-the-september-11-terrorist-attacks/,2026-09-09,"PATRIOT DAY 2026, THE 25TH ANNIVERSARY OF THE SEPTEMBER 11 TERRORIST ATTACKS"
37,https://www.whitehouse.gov/presidential-actions/2026/09/accelerating-access-to-veterans-benefits-and-employment-opportunities/,2026-09-08,ACCELERATING ACCESS TO VETERANS’ BENEFITS AND EMPLOYMENT OPPORTUNITIES
38,https://www.whitehouse.gov/releases/2026/09/president-trump-honors-9-11-heroes-and-renews-americas-vow-to-never-forget/,2026-09-08,President Trump Honors 9/11 Heroes and Renews America’s Vow to Never Forget
39,https://www.whitehouse.gov/presidential-actions/2026/09/excluding-certain-canadian-products-from-importation-into-the-united-states-in-response-to-continued-discrimination-against-the-commerce-of-the-united-states-with-respect-to-dairy/,2026-09-08,EXCLUDING CERTAIN CANADIAN PRODUCTS FROM IMPORTATION INTO THE UNITED STATES IN RESPONSE TO CONTINUED DISCRIMINATION AGAINST THE COMMERCE OF THE UNITED STATES WITH RESPECT TO DAIRY
40,https://www.whitehouse.gov/presidential-actions/2026/09/excluding-certain-canadian-products-from-importation-into-the-united-states-in-response-to-continued-discrimination-against-the-commerce-of-the-united-states-with-respect-to-motor-vehicles/,2026-09-08,EXCLUDING CERTAIN CANADIAN PRODUCTS FROM IMPORTATION INTO THE UNITED STATES IN RESPONSE TO CONTINUED DISCRIMINATION AGAINST THE COMMERCE OF THE UNITED STATES WITH RESPECT TO MOTOR VEHICLES
41,https://www.whitehouse.gov/presidential-actions/2026/09/excluding-certain-canadian-alcoholic-beverages-from-importation-into-the-united-states-in-response-to-continued-discrimination-against-the-commerce-of-the-united-states-with-respect-to-alcoholic-bever/,2026-09-08,EXCLUDING CERTAIN CANADIAN PRODUCTS FROM IMPORTATION INTO THE UNITED STATES IN RESPONSE TO CONTINUED DISCRIMINATION AGAINST THE COMMERCE OF THE UNITED STATES WITH RESPECT TO ALCOHOLIC BEVERAGES
42,https://www.whitehouse.gov/presidential-actions/2026/09/modifying-the-scope-of-products-of-canada-subject-to-the-additional-duties-imposed-to-offset-canadian-discrimination-against-the-united-states-with-respect-to-motor-vehicles/,2026-09-08,MODIFYING THE SCOPE OF PRODUCTS OF CANADA SUBJECT TO THE ADDITIONAL DUTIES IMPOSED TO OFFSET CANADIAN DISCRIMINATION AGAINST THE COMMERCE OF THE UNITED STATES WITH RESPECT TO MOTOR VEHICLES
43,https://www.whitehouse.gov/presidential-actions/2026/09/modifying-the-scope-of-products-of-canada-subject-to-the-additional-duties-imposed-to-offset-canadian-discrimination-against-the-commerce-of-the-united-states-with-respect-to-alcoholic-beverages/,2026-09-08,MODIFYING THE SCOPE OF PRODUCTS OF CANADA SUBJECT TO THE ADDITIONAL DUTIES IMPOSED TO OFFSET CANADIAN DISCRIMINATION AGAINST THE COMMERCE OF THE UNITED STATES WITH RESPECT TO ALCOHOLIC BEVERAGES
44,https://www.whitehouse.gov/presidential-actions/2026/09/labor-day-2026/,2026-09-07,"LABOR DAY, 2026"
45,https://www.whitehouse.gov/presidential-actions/2026/09/supporting-americas-ranchers/,2026-09-04,SUPPORTING AMERICA’S RANCHERS
46,https://www.whitehouse.gov/presidential-actions/2026/09/promoting-fair-competition-in-livestock-markets-and-expanding-market-access-for-american-meat-producers/,2026-09-04,PROMOTING FAIR COMPETITION IN LIVESTOCK MARKETS AND EXPANDING MARKET ACCESS FOR AMERICAN MEAT PRODUCERS
47,https://www.whitehouse.gov/releases/2026/09/made-in-america-manufacturing-private-hiring-power-explosive-august-jobs-report/,2026-09-04,"Made in America: Manufacturing, Private Hiring Power Explosive August Jobs Report"
48,https://www.whitehouse.gov/releases/2026/09/president-trump-secures-the-biggest-oil-deal-in-world-history/,2026-09-03,President Trump Secures the Biggest Oil Deal in World History
49,https://www.whitehouse.gov/releases/2026/09/ten-times-extreme-liberal-democrats-in-congress-put-their-dangerous-agenda-ahead-of-the-american-people/,2026-09-02,Ten Times Extreme Liberal Democrats in Congress Put Their Dangerous Agenda Ahead of the American People
50,https://www.whitehouse.gov/releases/2026/09/g20-innovation-ministerial-concludes-with-consensus-statement/,2026-09-02,G20 Innovation Ministerial Concludes with Consensus Statement
51,https://www.whitehouse.gov/releases/2026/08/president-trump-was-right-america-controls-the-strait-of-hormuz/,2026-08-29,President Trump Was Right: America Controls the Strait of Hormuz
52,https://www.whitehouse.gov/presidential-actions/2026/08/honoring-the-american-history-of-the-great-lakes-and-renaming-lake-ontario-as-lake-america-3a36/,2026-08-27,HONORING THE AMERICAN HISTORY OF THE GREAT LAKES AND RENAMING LAKE ONTARIO AS LAKE AMERICA
53,https://www.whitehouse.gov/releases/2026/08/white-house-honors-frontline-heroes-at-2026-united-states-interdiction-coordinator-awards-ceremony/,2026-08-27,White House Honors Frontline Heroes at 2026 United States Interdiction Coordinator Awards Ceremony
54,https://www.whitehouse.gov/releases/2026/08/never-surrender-karoline-leavitts-historic-tenure-as-white-house-press-secretary/,2026-08-27,NEVER SURRENDER: Karoline Leavitt’s Historic Tenure as White House Press Secretary
55,https://www.whitehouse.gov/releases/2026/08/president-trump-delivers-for-texas-lower-taxes-border-security-and-jobs-coming-home/,2026-08-27,"President Trump Delivers for Texas: Lower Taxes, Border Security, and Jobs Coming Home"
56,https://www.whitehouse.gov/presidential-actions/2026/08/declaring-a-national-emergency-to-secure-the-united-states-bulk-power-system/,2026-08-26,DECLARING A NATIONAL EMERGENCY TO SECURE THE UNITED STATES BULK-POWER SYSTEM
57,https://www.whitehouse.gov/presidential-actions/2026/08/further-ensuring-affordable-beef-for-the-american-consumer/,2026-08-26,FURTHER ENSURING AFFORDABLE BEEF FOR THE AMERICAN CONSUMER
58,https://www.whitehouse.gov/releases/2026/08/trump-delivers-14-wins-you-may-have-missed/,2026-08-26,Trump Delivers: 14 Recent Wins You May Have Missed
59,https://www.whitehouse.gov/releases/2026/08/president-trump-is-finally-ending-canadas-free-ride/,2026-08-25,President Trump Is Finally Ending Canada’s Free Ride
60,https://www.whitehouse.gov/releases/2026/08/president-trump-champions-educational-freedom-putting-students-and-parents-first/,2026-08-24,President Trump Champions Educational Freedom — Putting Students and Parents First
61,https://www.whitehouse.gov/releases/2026/08/president-trump-and-republicans-deliver-for-south-carolina-families/,2026-08-21,President Trump and Republicans Deliver for South Carolina Families
62,https://www.whitehouse.gov/releases/2026/08/president-trumps-cabinet-champions-america-first-successes-nationwide/,2026-08-20,President Trump’s Cabinet Champions America First Successes Nationwide
63,https://www.whitehouse.gov/presidential-actions/2026/08/temporary-suspension-of-additional-duties-to-offset-canadian-discrimination-against-the-commerce-of-the-united-states-with-respect-to-alcoholic-beverages-dairy-and-motor-vehicles/,2026-08-19,"TEMPORARY SUSPENSION OF ADDITIONAL DUTIES TO OFFSET CANADIAN DISCRIMINATION AGAINST THE COMMERCE OF THE UNITED STATES WITH RESPECT TO ALCOHOLIC BEVERAGES, DAIRY, AND MOTOR VEHICLES"
64,https://www.whitehouse.gov/releases/2026/08/president-trumps-trade-agenda-is-rebuilding-the-american-auto-industry/,2026-08-19,President Trump’s Trade Agenda Is Rebuilding the American Auto Industry
65,https://www.whitehouse.gov/releases/2026/08/president-trump-delivers-largest-drop-in-violent-crime-in-american-history/,2026-08-18,President Trump Delivers the Largest Drop in Violent Crime in American History
66,https://www.whitehouse.gov/presidential-actions/2026/08/adjusting-imports-of-unmanned-aircraft-systems-and-unmanned-aircraft-systems-components-into-the-united-states/,2026-08-13,ADJUSTING IMPORTS OF UNMANNED AIRCRAFT SYSTEMS AND UNMANNED AIRCRAFT SYSTEMS COMPONENTS INTO THE UNITED STATES
67,https://www.whitehouse.gov/presidential-actions/2026/08/rebuilding-the-united-states-navy-and-americas-shipbuilding-industrial-base/,2026-08-13,REBUILDING THE UNITED STATES NAVY AND AMERICA’S SHIPBUILDING INDUSTRIAL BASE
68,https://www.whitehouse.gov/presidential-actions/2026/08/national-substance-use-primary-prevention-month-2026/,2026-08-12,"NATIONAL SUBSTANCE USE PRIMARY PREVENTION MONTH, 2026"
69,https://www.whitehouse.gov/releases/2026/08/icymi-violent-crime-keeps-falling-in-biggest-u-s-cities/,2026-08-11,ICYMI: “Violent crime keeps falling in biggest U.S. cities”
70,https://www.whitehouse.gov/releases/2026/08/one-year-later-president-trump-has-delivered-on-making-d-c-safe-again/,2026-08-10,"One Year Later, President Trump Has Delivered on Making D.C. Safe Again"
71,https://www.whitehouse.gov/presidential-actions/2026/08/ending-birth-tourism/,2026-08-06,ENDING BIRTH TOURISM
72,https://www.whitehouse.gov/releases/2026/08/fraud-gov-track-the-trump-administrations-relentless-war-on-fraud/,2026-08-06,Fraud.gov: Track the Trump Administration’s Relentless War on Fraud
73,https://www.whitehouse.gov/releases/2026/08/private-sector-answers-president-trumps-call-to-lower-prices-for-american-families/,2026-08-06,Private Sector Answers President Trump’s Call to Lower Prices for American Families
74,https://www.whitehouse.gov/presidential-actions/2026/08/adjusting-imports-of-polysilicon-and-its-derivatives-into-the-united-states/,2026-08-06,ADJUSTING IMPORTS OF POLYSILICON AND ITS DERIVATIVES INTO THE UNITED STATES
75,https://www.whitehouse.gov/releases/2026/08/president-trump-and-republicans-deliver-big-wins-for-the-silver-state/,2026-08-05,President Trump and Republicans Deliver Big Wins for the Silver State
76,https://www.whitehouse.gov/releases/2026/08/fbi-secretly-opened-probe-alleging-trump-fired-comey-because-he-was-a-russian-asset-declassified-memos-show/,2026-08-05,"FBI Secretly Opened Probe Alleging Trump Fired Comey Because He Was a Russian Asset, Declassified Memos Show"
77,https://www.whitehouse.gov/releases/2026/08/manufacturing-jobs-flock-to-the-u-s-thanks-to-president-trumps-america-first-economic-agenda/,2026-08-04,Manufacturing Jobs Flock to the U.S. Thanks to President Trump’s America First Economic Agenda
78,https://www.whitehouse.gov/presidential-actions/2026/07/to-facilitate-positive-adjustment-to-competition-from-imports-of-quartz-surface-products/,2026-07-31,TO FACILITATE POSITIVE ADJUSTMENT TO COMPETITION FROM IMPORTS OF QUARTZ SURFACE PRODUCTS
79,https://www.whitehouse.gov/releases/2026/07/icymi-confirm-todd-blanche-as-attorney-general/,2026-07-31,ICYMI: Confirm Todd Blanche as Attorney General
80,https://www.whitehouse.gov/releases/2026/07/president-trump-hosts-historic-cabinet-meeting-at-camp-david/,2026-07-31,President Trump Hosts Historic Cabinet Meeting at Camp David
81,https://www.whitehouse.gov/presidential-actions/2026/07/presidential-permit-authorizing-cameron-county-texas-to-own-operate-and-maintain-the-brownsville-and-matamoros-bridge-in-brownsville-texas/,2026-07-30,"PRESIDENTIAL PERMIT: AUTHORIZING CAMERON COUNTY, TEXAS, TO OWN, OPERATE, AND MAINTAIN THE BROWNSVILLE AND MATAMOROS BRIDGE IN BROWNSVILLE, TEXAS"
82,https://www.whitehouse.gov/releases/2026/07/the-white-house-government-transparency-task-force-fact-sheet/,2026-07-30,The White House Government Transparency Task Force Fact Sheet
83,https://www.whitehouse.gov/releases/2026/07/crime-plummets-another-historic-low-under-president-trump/,2026-07-29,Crime Plummets to Another Historic Low Under President Trump
84,https://www.whitehouse.gov/releases/2026/07/made-in-michigan-again-president-trumps-trade-agenda-is-supercharging-american-auto-manufacturing/,2026-07-27,Made in Michigan Again: President Trump’s Trade Agenda Is Supercharging American Auto Manufacturing
85,https://www.whitehouse.gov/releases/2026/07/what-they-are-saying-president-trump-unites-industry-and-state-leaders-to-protect-american-ratepayers/,2026-07-24,WHAT THEY ARE SAYING: President Trump Unites Industry and State Leaders to Protect American Ratepayers
86,https://www.whitehouse.gov/presidential-actions/2026/07/actions-by-the-united-states-in-the-investigations-under-section-301-of-the-trade-act-of-1974-of-the-acts-policies-and-practices-of-60-economies-related-to-the-failure-of-each-economy-to-impose-and/,2026-07-23,"Actions by the United States in the Investigations under Section 301 of the Trade Act of 1974 of the Acts, Policies, and Practices of 60 Economies Related to the Failure of Each Economy to Impose and Effectively Enforce a Prohibition on the Importation of Goods Produced with Forced Labor"
87,https://www.whitehouse.gov/releases/2026/07/democrat-glitch-registers-thousands-of-noncitizens-to-vote-another-reason-to-pass-the-save-america-act/,2026-07-21,Democrat “Glitch” Registers Thousands of Noncitizens to Vote: Another Reason to Pass the SAVE America Act
88,https://www.whitehouse.gov/presidential-actions/2026/07/made-in-america-week-2026/,2026-07-20,"MADE IN AMERICA WEEK, 2026"
89,https://www.whitehouse.gov/presidential-actions/2026/07/captive-nations-week-2026/,2026-07-20,"CAPTIVE NATIONS WEEK, 2026"
90,https://www.whitehouse.gov/presidential-actions/2026/07/further-strengthening-actions-taken-to-adjust-imports-of-aluminum-into-the-united-states/,2026-07-20,FURTHER STRENGTHENING ACTIONS TAKEN TO ADJUST IMPORTS OF ALUMINUM INTO THE UNITED STATES
91,https://www.whitehouse.gov/presidential-actions/2026/07/imposing-additional-duties-to-offset-canadian-discrimination-against-the-commerce-of-the-united-states-with-respect-to-dairy/,2026-07-20,IMPOSING ADDITIONAL DUTIES TO OFFSET CANADIAN DISCRIMINATION AGAINST THE COMMERCE OF THE UNITED STATES WITH RESPECT TO DAIRY
92,https://www.whitehouse.gov/presidential-actions/2026/07/imposing-additional-duties-to-offset-canadian-discrimination-against-the-commerce-of-the-united-states-with-respect-to-alcoholic-beverages/,2026-07-20,IMPOSING ADDITIONAL DUTIES TO OFFSET CANADIAN DISCRIMINATION AGAINST THE COMMERCE OF THE UNITED STATES WITH RESPECT TO ALCOHOLIC BEVERAGES
93,https://www.whitehouse.gov/presidential-actions/2026/07/imposing-additional-duties-to-offset-canadian-discrimination-against-the-commerce-of-the-united-states-with-respect-to-motor-vehicles/,2026-07-20,IMPOSING ADDITIONAL DUTIES TO OFFSET CANADIAN DISCRIMINATION AGAINST THE COMMERCE OF THE UNITED STATES WITH RESPECT TO MOTOR VEHICLES
94,https://www.whitehouse.gov/releases/2026/07/what-they-are-saying-president-trump-exposes-bombshell-evidence-of-foreign-election-interference-and-deep-state-suppression/,2026-07-17,WHAT THEY ARE SAYING: President Trump Exposes Bombshell Evidence of Foreign Election Interference and Deep State Suppression
95,https://www.whitehouse.gov/releases/2026/07/setting-the-record-straight-president-trump-declassifies-intel-on-foreign-election-interference-deep-state-coverup/,2026-07-17,SETTING THE RECORD STRAIGHT: President Trump Declassifies Intel on Foreign Election Interference and Deep State Coverup
96,https://www.whitehouse.gov/releases/2026/07/trump-administration-unleashes-global-campaign-to-crush-radical-left-terrorism/,2026-07-16,Trump Administration Unleashes Global Campaign to Crush Radical Left Terrorism
97,https://www.whitehouse.gov/releases/2026/07/law-enforcement-leaders-across-america-support-todd-blanche-for-attorney-general/,2026-07-14,Law Enforcement Leaders Across America Support Todd Blanche for Attorney General
98,https://www.whitehouse.gov/presidential-actions/2026/07/death-of-senator-lindsey-graham/,2026-07-13,DEATH OF SENATOR LINDSEY GRAHAM
99,https://www.whitehouse.gov/releases/2026/07/president-trump-honors-the-life-and-legacy-of-senator-lindsey-graham/,2026-07-13,President Trump Honors the Life and Legacy of Senator Lindsey Graham
100,https://www.whitehouse.gov/presidential-actions/2026/07/modifying-the-grand-staircase-escalante-national-monument/,2026-07-13,MODIFYING THE GRAND STAIRCASE-ESCALANTE NATIONAL MONUMENT
101,https://www.whitehouse.gov/presidential-actions/2026/07/modifying-the-bears-ears-national-monument/,2026-07-13,MODIFYING THE BEARS EARS NATIONAL MONUMENT
102,https://www.whitehouse.gov/releases/2026/07/minnesota-democrats-pardoned-a-convicted-child-rapist-president-trump-deported-him/,2026-07-10,Minnesota Democrats Pardoned a Convicted Child Rapist. President Trump Deported Him.
103,https://www.whitehouse.gov/presidential-actions/2026/07/adjusting-imports-of-commercial-aircraft-jet-engines-and-aircraft-and-engine-parts-into-the-united-states/,2026-07-09,"ADJUSTING IMPORTS OF COMMERCIAL AIRCRAFT, JET ENGINES, AND AIRCRAFT AND ENGINE PARTS INTO THE UNITED STATES"
104,https://www.whitehouse.gov/releases/2026/07/democrats-fought-against-historic-tax-cuts-now-theyre-fighting-against-opportunity-for-americas-kids/,2026-07-07,Democrats Fought Against Historic Tax Cuts. Now They’re Fighting Against Opportunity for America’s Kids.
105,https://www.whitehouse.gov/releases/2026/07/one-year-later-president-trumps-working-families-tax-cuts-are-delivering-for-american-workers/,2026-07-03,One Year Later: President Trump’s Working Families Tax Cuts Are Delivering for American Workers
106,https://www.whitehouse.gov/releases/2026/06/supreme-court-bolsters-president-trumps-push-to-eliminate-transgender-insanity/,2026-06-30,Supreme Court Bolsters President Trump’s Push to Eliminate Transgender Insanity
107,https://www.whitehouse.gov/presidential-actions/2026/06/declaration-of-emergency-and-authorization-for-temporary-duty-free-importation-of-phosphate-fertilizer-morocco/,2026-06-29,DECLARATION OF EMERGENCY AND AUTHORIZATION FOR TEMPORARY DUTY FREE IMPORTATION OF PHOSPHATE FERTILIZER FROM MOROCCO
108,https://www.whitehouse.gov/releases/2026/06/president-trumps-america-first-agenda-scores-major-supreme-court-win-on-tps-termination/,2026-06-26,President Trump’s America First Agenda Scores Major Supreme Court Win on TPS Termination
109,https://www.whitehouse.gov/presidential-actions/2026/06/ushering-in-the-next-frontier-of-quantum-innovation/,2026-06-22,USHERING IN THE NEXT FRONTIER OF QUANTUM INNOVATION
110,https://www.whitehouse.gov/presidential-actions/2026/06/securing-the-nation-against-advanced-cryptographic-attacks/,2026-06-22,SECURING THE NATION AGAINST ADVANCED CRYPTOGRAPHIC ATTACKS
111,https://www.whitehouse.gov/releases/2026/06/president-trump-drives-down-rents-by-ending-open-borders-disaster/,2026-06-22,President Trump Drives Down Rents by Ending Open Borders Disaster
112,https://www.whitehouse.gov/releases/2026/06/president-trumps-iran-agreement-is-america-first-in-action/,2026-06-19,President Trump’s Iran Agreement Is America First in Action
113,https://www.whitehouse.gov/releases/2026/06/trump-administration-delivers-another-crushing-blow-to-antifa-terrorist-network/,2026-06-17,Trump Administration Delivers Another Crushing Blow to Antifa Terrorist Network
114,https://www.whitehouse.gov/presidential-actions/2026/06/flag-day-and-national-flag-week-2026/,2026-06-12,"FLAG DAY AND NATIONAL FLAG WEEK, 2026"
115,https://www.whitehouse.gov/presidential-actions/2026/06/national-homeownership-month-2026/,2026-06-12,"NATIONAL HOMEOWNERSHIP MONTH, 2026"
116,https://www.whitehouse.gov/presidential-actions/2026/06/restoring-american-commercial-fishing-in-the-pacific/,2026-06-11,RESTORING AMERICAN COMMERCIAL FISHING IN THE PACIFIC
117,https://www.whitehouse.gov/releases/2026/06/president-trump-is-restoring-american-greatness-one-win-at-a-time/,2026-06-10,President Trump Is Restoring American Greatness One Win at a Time
118,https://www.whitehouse.gov/releases/2026/06/the-secure-america-act-ends-democrat-obstruction-fully-funds-cbp-ice-and-president-trumps-border-security-agenda/,2026-06-09,"The Secure America Act Ends Democrat Obstruction— Fully Funds CBP, ICE and President Trump’s Border Security Agenda"
119,https://www.whitehouse.gov/presidential-actions/2026/06/national-security-presidential-memorandum-nspm-11/,2026-06-05,NATIONAL SECURITY PRESIDENTIAL MEMORANDUM/NSPM-11
120,https://www.whitehouse.gov/releases/2026/06/strong-support-for-president-trumps-appointment-of-william-j-pulte-as-acting-director-of-national-intelligence/,2026-06-04,Strong Support for President Trump’s Appointment of William J. Pulte as Acting Director of National Intelligence
121,https://www.whitehouse.gov/presidential-actions/2026/06/strengthening-customs-enforcement/,2026-06-03,STRENGTHENING CUSTOMS ENFORCEMENT
122,https://www.whitehouse.gov/presidential-actions/2026/06/implementing-schedule-policy-career-in-the-excepted-service/,2026-06-03,IMPLEMENTING SCHEDULE POLICY/CAREER IN THE EXCEPTED SERVICE
123,https://www.whitehouse.gov/presidential-actions/2026/06/further-adjusting-the-tariff-regimes-for-imports-of-aluminum-steel-and-copper-into-the-united-states/,2026-06-02,"FURTHER ADJUSTING THE TARIFF REGIMES FOR IMPORTS OF ALUMINUM, STEEL, AND COPPER INTO THE UNITED STATES"
124,https://www.whitehouse.gov/presidential-actions/2026/06/nominations-and-withdrawal-sent-to-the-senate-9d32/,2026-06-01,Nominations and Withdrawal Sent to the Senate
125,https://www.whitehouse.gov/releases/2026/05/powering-americas-future-president-trumps-policies-fuel-historic-demand-for-skilled-american-workers/,2026-05-27,Powering America’s Future: President Trump’s Policies Fuel Demand for Skilled American Workers
126,https://www.whitehouse.gov/releases/2026/05/trump-administrations-full-scale-war-on-fraud/,2026-05-26,Trump Administration’s Full-Scale War on Fraud
127,https://www.whitehouse.gov/releases/2026/05/technology-prosperity-deal-between-the-united-states-and-sweden/,2026-05-22,Memorandum of Understanding Between The Government of the United States of America and the Government of Sweden Regarding the Technology Prosperity Deal
128,https://www.whitehouse.gov/releases/2026/05/remarks-by-director-michael-kratsios-on-the-one-year-anniversary-of-president-trumps-nuclear-eos/,2026-05-22,Remarks by Director Michael Kratsios on the One Year Anniversary of President Trump’s Nuclear EOs
129,https://www.whitehouse.gov/presidential-actions/2026/05/restoring-integrity-to-americas-financial-system/,2026-05-19,RESTORING INTEGRITY TO AMERICA’S FINANCIAL SYSTEM
130,https://www.whitehouse.gov/releases/2026/05/decline-is-a-choice-president-trump-restores-pride-and-beauty-to-americas-capital/,2026-05-19,Decline Is a Choice: President Trump Restores Pride and Beauty to America’s Capital
131,https://www.whitehouse.gov/presidential-actions/2026/05/to-implement-certain-provisions-in-the-consolidated-appropriations-act-2026-and-for-other-purposes/,2026-05-19,"TO IMPLEMENT CERTAIN PROVISIONS IN THE CONSOLIDATED APPROPRIATIONS ACT, 2026, AND FOR OTHER PURPOSES"
132,https://www.whitehouse.gov/releases/2026/05/president-trumps-intel-deal-and-soaring-markets-prove-america-first-works/,2026-05-18,President Trump’s Intel Deal and Soaring Markets Prove America First Works
133,https://www.whitehouse.gov/releases/2026/05/president-trumps-unwavering-support-for-law-enforcement-is-making-america-safe-again/,2026-05-13,President Trump’s Unwavering Support for Law Enforcement is Making America Safe Again
134,https://www.whitehouse.gov/presidential-actions/2026/05/peace-officers-memorial-day-and-police-week-2026/,2026-05-11,"PEACE OFFICERS MEMORIAL DAY AND POLICE WEEK, 2026"
135,https://www.whitehouse.gov/releases/2026/05/president-trump-celebrates-small-business-revival-during-national-small-business-week/,2026-05-04,President Trump Celebrates Small Business Revival During National Small Business Week
136,https://www.whitehouse.gov/presidential-actions/2026/05/imposing-sanctions-on-those-responsible-for-repression-in-cuba-and-for-threats-to-united-states-national-security-and-foreign-policy/,2026-05-01,IMPOSING SANCTIONS ON THOSE RESPONSIBLE FOR REPRESSION IN CUBA AND FOR THREATS TO UNITED STATES NATIONAL SECURITY AND FOREIGN POLICY
137,https://www.whitehouse.gov/presidential-actions/2026/04/presidential-permit-authorizing-bridger-pipeline-expansion-llc-to-construct-connect-operate-and-maintain-pipeline-facilities-at-the-international-boundary-at-phillips-county-montana-between-the/,2026-04-30,"PRESIDENTIAL PERMIT: AUTHORIZING BRIDGER PIPELINE EXPANSION LLC TO CONSTRUCT, CONNECT, OPERATE, AND MAINTAIN PIPELINE FACILITIES AT THE INTERNATIONAL BOUNDARY AT PHILLIPS COUNTY, MONTANA, BETWEEN THE UNITED STATES AND CANADA"
138,https://www.whitehouse.gov/releases/2026/04/democrats-unhinged-rhetoric-incites-third-assassination-attempt-on-president-trump/,2026-04-28,Democrats’ Unhinged Rhetoric Incites Third Assassination Attempt on President Trump
139,https://www.whitehouse.gov/releases/2026/04/president-trump-on-60-minutes-there-was-tremendous-camaraderie/,2026-04-27,President Trump on 60 Minutes: “There Was Tremendous Camaraderie”
140,https://www.whitehouse.gov/releases/2026/04/trump-effect-american-manufacturing-is-roaring-back-as-factory-activity-hits-four-year-high/,2026-04-22,Trump Effect: American Manufacturing Is Roaring Back as Factory Activity Hits Four-Year High
141,https://www.whitehouse.gov/releases/2026/04/president-trump-addresses-key-issues-facing-the-nation-in-exclusive-cnbc-interview/,2026-04-21,President Trump Addresses Key Issues Facing the Nation in Exclusive CNBC Interview
142,https://www.whitehouse.gov/releases/2026/04/in-nevada-president-trump-celebrates-no-tax-on-tips-real-money-to-working-americans/,2026-04-17,"In Nevada, President Trump Celebrates No Tax on Tips — Delivering Real Money to Working Americans"
143,https://www.whitehouse.gov/releases/2026/04/this-tax-day-americans-are-keeping-more-of-what-they-earn/,2026-04-15,"This Tax Day, Americans Are Keeping More of What They Earn"
144,https://www.whitehouse.gov/presidential-actions/2026/04/presidential-permit-authorizing-bakken-pipeline-company-lp-to-construct-connect-operate-and-maintain-pipeline-facilities-at-burke-county-north-dakota-at-the-international-boundary-between-the-un/,2026-04-15,"PRESIDENTIAL PERMIT: AUTHORIZING BAKKEN PIPELINE COMPANY LP TO CONSTRUCT, CONNECT, OPERATE, AND MAINTAIN PIPELINE FACILITIES AT BURKE COUNTY, NORTH DAKOTA, AT THE INTERNATIONAL BOUNDARY BETWEEN THE UNITED STATES AND CANADA"
145,https://www.whitehouse.gov/presidential-actions/2026/04/presidential-permit-authorizing-bakken-pipeline-company-lp-to-operate-and-maintain-existing-pipeline-facilities-at-burke-county-north-dakota-at-the-international-boundary-between-the-united-states/,2026-04-15,"PRESIDENTIAL PERMIT: AUTHORIZING BAKKEN PIPELINE COMPANY LP TO OPERATE AND MAINTAIN EXISTING PIPELINE FACILITIES AT BURKE COUNTY, NORTH DAKOTA, AT THE INTERNATIONAL BOUNDARY BETWEEN THE UNITED STATES AND CANADA"
146,https://www.whitehouse.gov/presidential-actions/2026/04/presidential-permit-authorizing-enbridge-energy-company-inc-to-operate-and-maintain-existing-pipeline-facilities-at-st-clair-county-michigan-at-the-international-boundary-between-the-united-stat/,2026-04-15,"PRESIDENTIAL PERMIT: AUTHORIZING ENBRIDGE ENERGY COMPANY, INC. TO OPERATE AND MAINTAIN EXISTING PIPELINE FACILITIES AT ST. CLAIR COUNTY, MICHIGAN, AT THE INTERNATIONAL BOUNDARY BETWEEN THE UNITED STATES AND CANADA"
147,https://www.whitehouse.gov/presidential-actions/2026/04/presidential-permit-authorizing-enbridge-energy-limited-partnership-to-operate-and-maintain-existing-pipeline-facilities-at-st-clair-county-michigan-at-the-international-boundary-between-the-unit-6323/,2026-04-15,"PRESIDENTIAL PERMIT: AUTHORIZING ENBRIDGE ENERGY, LIMITED PARTNERSHIP TO OPERATE AND MAINTAIN EXISTING PIPELINE FACILITIES AT ST. CLAIR COUNTY, MICHIGAN, AT THE INTERNATIONAL BOUNDARY BETWEEN THE UNITED STATES AND CANADA"
148,https://www.whitehouse.gov/presidential-actions/2026/04/presidential-permit-authorizing-enbridge-energy-limited-partnership-to-operate-and-maintain-existing-pipeline-facilities-at-pembina-county-north-dakota-at-the-international-boundary-between-the-un-1c3/,2026-04-15,"PRESIDENTIAL PERMIT: AUTHORIZING ENBRIDGE ENERGY, LIMITED PARTNERSHIP TO OPERATE AND MAINTAIN EXISTING PIPELINE FACILITIES AT PEMBINA COUNTY, NORTH DAKOTA, AT THE INTERNATIONAL BOUNDARY BETWEEN THE UNITED STATES AND CANADA"
149,https://www.whitehouse.gov/presidential-actions/2026/04/presidential-permit-authorizing-enbridge-energy-limited-partnership-to-operate-and-maintain-existing-pipeline-facilities-at-pembina-county-north-dakota-at-the-international-boundary-between-the-un-215/,2026-04-15,"PRESIDENTIAL PERMIT: AUTHORIZING ENBRIDGE ENERGY, LIMITED PARTNERSHIP TO OPERATE AND MAINTAIN EXISTING PIPELINE FACILITIES AT PEMBINA COUNTY, NORTH DAKOTA, AT THE INTERNATIONAL BOUNDARY BETWEEN THE UNITED STATES AND CANADA"
150,https://www.whitehouse.gov/presidential-actions/2026/04/presidential-permit-authorizing-enbridge-energy-limited-partnership-to-operate-and-maintain-existing-pipeline-facilities-at-pembina-county-north-dakota-at-the-international-boundary-between-the-un-9ef/,2026-04-15,"PRESIDENTIAL PERMIT: AUTHORIZING ENBRIDGE ENERGY, LIMITED PARTNERSHIP TO OPERATE AND MAINTAIN EXISTING PIPELINE FACILITIES AT PEMBINA COUNTY, NORTH DAKOTA, AT THE INTERNATIONAL BOUNDARY BETWEEN THE UNITED STATES AND CANADA"
151,https://www.whitehouse.gov/presidential-actions/2026/04/presidential-permit-authorizing-enbridge-pipelines-southern-lights-l-l-c-to-operate-and-maintain-existing-pipeline-facilities-at-pembina-county-north-dakota-at-the-international-boundary-between/,2026-04-15,"PRESIDENTIAL PERMIT: AUTHORIZING ENBRIDGE PIPELINES (SOUTHERN LIGHTS) L.L.C. TO OPERATE AND MAINTAIN EXISTING PIPELINE FACILITIES AT PEMBINA COUNTY, NORTH DAKOTA, AT THE INTERNATIONAL BOUNDARY BETWEEN THE UNITED STATES AND CANADA"
152,https://www.whitehouse.gov/presidential-actions/2026/04/presidential-permit-authorizing-enbridge-energy-limited-partnership-to-operate-and-maintain-three-existing-pipeline-facilities-at-pembina-county-north-dakota-at-the-international-boundary-between/,2026-04-15,"PRESIDENTIAL PERMIT: AUTHORIZING ENBRIDGE ENERGY, LIMITED PARTNERSHIP TO OPERATE AND MAINTAIN THREE EXISTING PIPELINE FACILITIES AT PEMBINA COUNTY, NORTH DAKOTA, AT THE INTERNATIONAL BOUNDARY BETWEEN THE UNITED STATES AND CANADA"
153,https://www.whitehouse.gov/releases/2026/04/president-trumps-powerful-leadership-highlights-american-strength-as-energy-dominance-delivers-global-stability/,2026-04-14,President Trump’s Powerful Leadership Highlights American Strength as Energy Dominance Delivers Global Stability
154,https://www.whitehouse.gov/releases/2026/04/2026-economic-report-of-the-president-released/,2026-04-13,2026 Economic Report of the President Released
155,https://www.whitehouse.gov/releases/2026/04/president-trump-champions-the-american-worker/,2026-04-13,President Trump Champions the American Worker
156,https://www.whitehouse.gov/presidential-actions/2026/04/day-of-celebration-in-honor-of-the-life-of-henry-clay-2026/,2026-04-11,"DAY OF CELEBRATION IN HONOR OF THE LIFE OF HENRY CLAY, 2026"
157,https://www.whitehouse.gov/releases/2026/04/democrats-empower-sick-criminal-illegal-alien-predators-to-prey-on-american-women-children/,2026-04-10,"Democrats Empower Sick Criminal Illegal Alien Predators to Prey on American Women, Children"
158,https://www.whitehouse.gov/releases/2026/04/era-of-amnesty-is-over-president-trump-restores-rule-of-law-to-immigration-courts/,2026-04-09,Era of Amnesty Is Over: President Trump Restores Rule of Law to Immigration Courts
159,https://www.whitehouse.gov/releases/2026/04/peace-through-strength-operation-epic-fury-crushes-iranian-threat-as-ceasefire-takes-hold/,2026-04-08,Peace Through Strength: Operation Epic Fury Crushes Iranian Threat as Ceasefire Takes Hold
160,https://www.whitehouse.gov/releases/2026/04/president-trump-is-saving-college-sports/,2026-04-07,President Trump is Saving College Sports
161,https://www.whitehouse.gov/releases/2026/04/this-easter-president-trump-reaffirms-america-as-a-beacon-for-christian-liberty/,2026-04-06,"This Easter, President Trump Reaffirms America as a Beacon for Christian Liberty"
162,https://www.whitehouse.gov/presidential-actions/2026/04/urgent-national-action-to-save-college-sports/,2026-04-03,URGENT NATIONAL ACTION TO SAVE COLLEGE SPORTS
163,https://www.whitehouse.gov/releases/2026/04/strong-march-jobs-report-signals-accelerating-momentum-under-president-trump/,2026-04-03,Strong March Jobs Report Signals Accelerating Momentum Under President Trump
164,https://www.whitehouse.gov/presidential-actions/2026/04/liberating-the-department-of-homeland-security-from-the-democrat-caused-shutdown/,2026-04-03,Liberating the Department of Homeland Security From the Democrat-Caused Shutdown
165,https://www.whitehouse.gov/presidential-actions/2026/04/adjusting-imports-of-pharmaceuticals-and-pharmaceutical-ingredients-into-the-united-states/,2026-04-02,ADJUSTING IMPORTS OF PHARMACEUTICALS AND PHARMACEUTICAL INGREDIENTS INTO THE UNITED STATES
166,https://www.whitehouse.gov/releases/2026/04/president-trump-delivers-powerful-primetime-address-on-operation-epic-fury/,2026-04-02,President Trump Delivers Powerful Primetime Address on Operation Epic Fury
167,https://www.whitehouse.gov/releases/2026/04/america-is-winning-once-again-a-year-after-liberation-day/,2026-04-02,America is Winning Once Again a Year After Liberation Day
168,https://www.whitehouse.gov/presidential-actions/2026/04/strengthening-actions-taken-to-adjust-imports-of-aluminum-steel-and-copper-into-the-united-states/,2026-04-02,"STRENGTHENING ACTIONS TAKEN TO ADJUST IMPORTS OF ALUMINUM, STEEL, AND COPPER INTO THE UNITED STATES"
169,https://www.whitehouse.gov/releases/2026/04/president-trumps-clear-and-unchanging-objectives-drive-decisive-success-against-iranian-regime/,2026-04-01,President Trump’s Clear and Unchanging Objectives Drive Decisive Success Against Iranian Regime
170,https://www.whitehouse.gov/presidential-actions/2026/03/ensuring-citizenship-verification-and-integrity-in-federal-elections/,2026-03-31,ENSURING CITIZENSHIP VERIFICATION AND INTEGRITY IN FEDERAL ELECTIONS
171,https://www.whitehouse.gov/releases/2026/03/president-trumps-working-families-tax-cuts-which-every-democrat-opposed-is-delivering-historic-relief/,2026-03-31,President Trump’s Working Families Tax Cuts (Which Every Democrat Opposed) Is Delivering Historic Relief
172,https://www.whitehouse.gov/releases/2026/03/president-trump-ended-democrats-transgender-for-everybody-insanity/,2026-03-31,President Trump Ended Democrats’ “Transgender for Everybody” Insanity
173,https://www.whitehouse.gov/releases/2026/03/president-trump-acts-where-democrats-refused-bringing-relief-to-tsa-workers-and-travelers/,2026-03-30,President Trump Acts Where Democrats Refused — Bringing Relief to TSA Workers and Travelers
174,https://www.whitehouse.gov/presidential-actions/2026/03/memorandum-for-the-secretary-of-homeland-security-and-the-director-of-the-office-of-management-and-budget/,2026-03-27,Paying Our Great Transportation Security Administration Officers and Employees
175,https://www.whitehouse.gov/presidential-actions/2026/03/addressing-dei-discrimination-by-federal-contractors/,2026-03-26,ADDRESSING DEI DISCRIMINATION BY FEDERAL CONTRACTORS
176,https://www.whitehouse.gov/releases/2026/03/america-first-in-action-u-s-records-net-negative-migration-across-every-metro-area/,2026-03-26,America First in Action: U.S. Records Net Negative Migration Across Every Metro Area
177,https://www.whitehouse.gov/releases/2026/03/secretary-markwayne-mullin-is-ready-to-deliver-on-president-trumps-agenda/,2026-03-25,Secretary Markwayne Mullin Is Ready to Deliver on President Trump’s Agenda
178,https://www.whitehouse.gov/releases/2026/03/promise-made-promise-kept-president-trump-brings-another-american-home/,2026-03-25,"Promise Made, Promise Kept: President Trump Brings Another American Home"
179,https://www.whitehouse.gov/presidential-actions/2026/03/national-agriculture-day-2026/,2026-03-24,"NATIONAL AGRICULTURE DAY, 2026"
180,https://www.whitehouse.gov/presidential-actions/2026/03/greek-independence-day-a-national-day-of-celebration-of-greek-and-american-democracy-2026/,2026-03-24,"GREEK INDEPENDENCE DAY:  A NATIONAL DAY OF CELEBRATION OF GREEK AND AMERICAN DEMOCRACY, 2026"
181,https://www.whitehouse.gov/releases/2026/03/president-trumps-memphis-safe-task-force-delivers-crushing-blow-to-crime/,2026-03-23,President Trump’s ‘Memphis Safe Task Force’ Delivers Crushing Blow to Crime
182,https://www.whitehouse.gov/releases/2026/03/democrats-dhs-shutdown-enters-35th-day-as-airports-plunge-into-chaos-frontline-workers-suffer/,2026-03-20,"Democrats’ DHS Shutdown Enters 35th Day as Airports Plunge into Chaos, Frontline Workers Suffer"
183,https://www.whitehouse.gov/releases/2026/03/democrats-admit-their-dhs-shutdown-is-making-people-hurt-as-they-stall-negotiations-with-dangerous-demands/,2026-03-19,Democrats admit their DHS shutdown is “making people hurt” as they stall negotiations with dangerous demands
184,https://www.whitehouse.gov/releases/2026/03/the-united-states-advances-america-first-drug-control-agenda-at-the-69th-commission-on-narcotic-drugs/,2026-03-19,The United States Advances America-First Drug Control Agenda at the 69th Commission on Narcotic Drugs
185,https://www.whitehouse.gov/releases/2026/03/airline-ceos-demand-immediate-action-as-democrats-dhs-shutdown-pushes-air-travel-to-the-brink/,2026-03-17,Airline CEOs Demand “Immediate” Action as Democrats’ DHS Shutdown Pushes Air Travel to the Brink
186,https://www.whitehouse.gov/presidential-actions/2026/03/establishing-the-task-force-to-eliminate-fraud/,2026-03-16,ESTABLISHING THE TASK FORCE TO ELIMINATE FRAUD
187,https://www.whitehouse.gov/releases/2026/03/sen-markwayne-mullins-nomination-for-dhs-secretary-draws-bipartisan-acclaim/,2026-03-16,Sen. Markwayne Mullin’s Nomination for DHS Secretary Draws Bipartisan Acclaim
188,https://www.whitehouse.gov/presidential-actions/2026/03/ensuring-truthful-advertising-of-products-claiming-to-be-made-in-america/,2026-03-13,ENSURING TRUTHFUL ADVERTISING OF PRODUCTS CLAIMING TO BE MADE IN AMERICA
189,https://www.whitehouse.gov/releases/2026/03/icymi-trumps-energy-triumph/,2026-03-13,ICYMI: “Trump’s Energy Triumph”
190,https://www.whitehouse.gov/releases/2026/03/cnn-is-lying-to-undermine-operation-epic-furys-crushing-success/,2026-03-13,CNN Is Lying to Undermine Operation Epic Fury’s Crushing Success
191,https://www.whitehouse.gov/releases/2026/03/democrats-are-very-serene-about-keeping-dhs-shutdown-leaving-tsa-agents-unpaid-as-they-secure-our-skies/,2026-03-12,"Democrats Are “Very Serene” About Keeping DHS Shutdown, Leaving TSA Agents Unpaid as They Secure Our Skies"
192,https://www.whitehouse.gov/releases/2026/03/the-save-america-act-is-the-most-popular-election-reform-in-decades/,2026-03-12,The SAVE America Act Is the Most Popular Election Reform in Decades
193,https://www.whitehouse.gov/releases/2026/03/operation-epic-fury-decisive-american-power-to-crush-irans-terror-regime/,2026-03-12,Operation Epic Fury: Decisive American Power to Crush Iran’s Terror Regime
194,https://www.whitehouse.gov/presidential-actions/2026/03/womens-history-month-2026/,2026-03-12,"WOMEN’S HISTORY MONTH, 2026"
195,https://www.whitehouse.gov/releases/2026/03/drug-czar-sara-carter-leads-u-s-delegation-at-the-united-nations-commission-on-narcotic-drugs-in-vienna/,2026-03-10,Drug Czar Sara Carter Leads U.S. Delegation at the United Nations’ Commission on Narcotic Drugs in Vienna
196,https://www.whitehouse.gov/releases/2026/03/trump-effect-a-running-list-of-new-u-s-investment-in-president-trumps-second-term/,2026-03-10,TRUMP EFFECT: A Running List of New U.S. Investment in President Trump’s Second Term
197,https://www.whitehouse.gov/releases/2026/03/president-trumps-economic-agenda-drives-industrial-boom-in-louisiana/,2026-03-10,President Trump’s Economic Agenda Drives “Industrial Boom” in Louisiana
198,https://www.whitehouse.gov/releases/2026/03/democrats-reckless-dhs-shutdown-hits-americans-hard-as-100000-workers-go-without-pay/,2026-03-09,"Democrats’ Reckless DHS Shutdown Hits Americans Hard as 100,000+ Workers Go Without Pay"
199,https://www.whitehouse.gov/presidential-actions/2026/03/u-s-hostage-and-wrongful-detainee-day-2026/,2026-03-09,"U.S. HOSTAGE AND WRONGFUL DETAINEE DAY, 2026"
200,https://www.whitehouse.gov/releases/2026/03/remarks-by-director-carter-at-the-united-nations-commission-on-narcotic-drugs/,2026-03-09,Remarks by Director Carter at the United Nations’ Commission on Narcotic Drugs
201,https://www.whitehouse.gov/releases/2026/03/president-trump-has-secured-trillions-of-dollars-in-new-investments-and-the-list-keeps-growing/,2026-03-08,President Trump Has Secured Trillions of Dollars in New Investments — and the List Keeps Growing
202,https://www.whitehouse.gov/presidential-actions/2026/03/combating-cybercrime-fraud-and-predatory-schemes-against-american-citizens/,2026-03-06,"COMBATING CYBERCRIME, FRAUD, AND PREDATORY SCHEMES AGAINST AMERICAN CITIZENS"
203,https://www.whitehouse.gov/releases/2026/03/another-new-poll-shows-massive-support-for-save-america-act/,2026-03-03,Another New Poll Shows Massive Support for SAVE America Act
204,https://www.whitehouse.gov/releases/2026/03/74-times-president-trump-has-made-clear-that-iran-cannot-have-a-nuclear-weapon/,2026-03-03,74 Times President Trump Has Made Clear That Iran Cannot Have a Nuclear Weapon
205,https://www.whitehouse.gov/releases/2026/03/the-iranian-regimes-decades-of-terrorism-against-american-citizens/,2026-03-02,The Iranian Regime’s Decades of Terrorism Against American Citizens
206,https://www.whitehouse.gov/presidential-actions/2026/03/nominations-sent-to-the-senate-4e42/,2026-03-02,Nominations Sent to the Senate
207,https://www.whitehouse.gov/releases/2026/03/peace-through-strength-president-trump-launches-operation-epic-fury-to-crush-iranian-regime-end-nuclear-threat/,2026-03-01,"Peace Through Strength: President Trump Launches Operation Epic Fury to Crush Iranian Regime, End Nuclear Threat"
208,https://www.whitehouse.gov/releases/2026/02/president-trump-is-delivering-for-texans/,2026-02-27,President Trump Is Delivering for Texans
209,https://www.whitehouse.gov/releases/2026/02/president-trump-is-securing-our-homeland-ending-the-invasion-deporting-criminals-and-protecting-our-communities/,2026-02-25,"President Trump Is Securing Our Homeland: Ending the Invasion, Deporting Criminals, and Protecting Our Communities"
210,https://www.whitehouse.gov/releases/2026/02/president-trump-is-delivering-real-relief-reversing-bidens-economic-disaster-and-unleashing-greater-prosperity-ahead/,2026-02-25,President Trump Is Delivering Real Relief — Reversing Biden’s Economic Disaster and Unleashing Greater Prosperity Ahead
211,https://www.whitehouse.gov/releases/2026/02/american-energy-dominance-is-back-under-president-trump/,2026-02-25,American Energy Dominance Is Back Under President Trump
212,https://www.whitehouse.gov/releases/2026/02/president-trump-returned-our-nation-to-law-and-order/,2026-02-25,President Trump Returned Our Nation to Law and Order
213,https://www.whitehouse.gov/releases/2026/02/president-trumps-peace-through-strength-renewed-american-leadership-and-global-security/,2026-02-25,President Trump’s Peace Through Strength: Renewed American Leadership and Global Security
214,https://www.whitehouse.gov/releases/2026/02/democrats-showed-whose-side-theyre-on-and-its-not-the-american-people-249d/,2026-02-25,Democrats Showed Whose Side They’re On — And it’s Not the American People
215,https://www.whitehouse.gov/releases/2026/02/what-they-are-saying-president-trump-heralds-americas-golden-age-in-historic-state-of-the-union-address/,2026-02-25,WHAT THEY ARE SAYING: President Trump Heralds America’s Golden Age in Historic State of the Union Address
216,https://www.whitehouse.gov/releases/2026/02/radical-lefts-rebuttal-will-contrast-democrat-extremism-with-president-trumps-road-to-prosperity/,2026-02-24,Radical Left’s Rebuttal Will Contrast Democrat Extremism with President Trump’s Road to Prosperity
217,https://www.whitehouse.gov/presidential-actions/2026/02/national-angel-family-day-2026/,2026-02-23,"NATIONAL ANGEL FAMILY DAY, 2026"
218,https://www.whitehouse.gov/releases/2026/02/president-trump-honors-angel-families-remembers-american-lives-lost-to-illegal-immigration/,2026-02-23,"President Trump Honors Angel Families, Remembers American Lives Lost to Illegal Immigration"
219,https://www.whitehouse.gov/presidential-actions/2026/02/continuing-the-suspension-of-duty-free-de-minimis-treatment-for-all-countries/,2026-02-21,CONTINUING THE SUSPENSION OF DUTY-FREE DE MINIMIS TREATMENT FOR ALL COUNTRIES
220,https://www.whitehouse.gov/presidential-actions/2026/02/ending-certain-tariff-actions/,2026-02-21,ENDING CERTAIN TARIFF ACTIONS
221,https://www.whitehouse.gov/presidential-actions/2026/02/imposing-a-temporary-import-surcharge-to-address-fundamental-international-payments-problems/,2026-02-21,Imposing a Temporary Import Surcharge to Address Fundamental International Payments Problems
222,https://www.whitehouse.gov/releases/2026/02/u-s-promotes-ai-adoption-sovereignty-and-exports-at-india-ai-impact-summit/,2026-02-20,"U.S. Promotes AI Adoption, Sovereignty, and Exports at India AI Impact Summit"
223,https://www.whitehouse.gov/releases/2026/02/remarks-by-director-michael-kratsios-at-the-india-ai-impact-summit/,2026-02-20,Remarks by Director Michael Kratsios at the India AI Impact Summit
224,https://www.whitehouse.gov/releases/2026/02/president-trump-was-right-about-everything-including-the-democrat-shutdown-costing-us-growth/,2026-02-20,President Trump Was Right About Everything — Including the Democrat Shutdown Costing Us Growth
225,https://www.whitehouse.gov/releases/2026/02/president-trump-celebrates-black-history-month-advancing-opportunity-and-prosperity-for-every-american/,2026-02-18,President Trump Celebrates Black History Month: Advancing Opportunity and Prosperity for Every American
226,https://www.whitehouse.gov/releases/2026/02/president-trump-celebrates-americas-new-golden-era-on-presidents-day/,2026-02-17,President Trump Celebrates America’s New Golden Age on Presidents’ Day
227,https://www.whitehouse.gov/releases/2026/02/in-munich-secretary-rubio-calls-on-allies-to-embrace-shared-heritage-meet-challenges-of-new-era/,2026-02-15,"In Munich, Secretary Rubio Calls on Allies to Embrace Shared Heritage, Meet Challenges of New Era"
228,https://www.whitehouse.gov/releases/2026/02/president-trump-delivers-another-inflation-win-real-wages-surge-price-relief-reaches-americans/,2026-02-13,"President Trump Delivers Another Inflation Win: Real Wages Surge, Price Relief Reaches Americans"
229,https://www.whitehouse.gov/releases/2026/02/president-trump-delivers-biggest-regulatory-relief-in-history/,2026-02-13,President Trump Delivers Biggest Regulatory Relief in History
230,https://www.whitehouse.gov/releases/2026/02/champion-of-beautiful-clean-coal-president-trump-celebrates-industry-revival/,2026-02-12,"“Champion of Beautiful, Clean Coal”: President Trump Celebrates Industry Revival"
231,https://www.whitehouse.gov/releases/2026/02/this-is-the-trump-economy-job-growth-crushes-expectations-as-more-americans-work-for-higher-wages/,2026-02-11,This Is the Trump Economy: Job Growth Crushes Expectations as More Americans Work for Higher Wages
232,https://www.whitehouse.gov/releases/2026/02/icymi-violent-crime-plummets-across-major-u-s-cities/,2026-02-11,ICYMI: “Violent crime plummets across major U.S. cities”
233,https://www.whitehouse.gov/presidential-actions/2026/02/nominations-sent-to-the-senate-b65f/,2026-02-11,Nominations Sent to the Senate
234,https://www.whitehouse.gov/releases/2026/02/voter-id-is-overwhelmingly-popular-with-literally-everyone-except-democrat-politicians/,2026-02-10,The SAVE America Act: Voter ID is Popular with Everyone
235,https://www.whitehouse.gov/releases/2026/02/dont-be-a-panican-were-winning-and-were-not-slowing-down/,2026-02-09,Don’t Be a Panican. We’re Winning — and We’re Not Slowing Down.
236,https://www.whitehouse.gov/presidential-actions/2026/02/modifying-duties-to-address-threats-to-the-united-states-by-the-government-of-the-russian-federation-04b2/,2026-02-06,MODIFYING DUTIES TO ADDRESS THREATS TO THE UNITED STATES BY THE GOVERNMENT OF THE RUSSIAN FEDERATION
237,https://www.whitehouse.gov/presidential-actions/2026/02/addressing-threats-to-the-united-states-by-the-government-of-iran/,2026-02-06,ADDRESSING THREATS TO THE UNITED STATES BY THE GOVERNMENT OF IRAN
238,https://www.whitehouse.gov/presidential-actions/2026/02/protecting-the-national-security-and-welfare-of-the-united-states-and-its-citizens-from-criminal-actors-and-other-public-safety-threats/,2026-02-06,PROTECTING THE NATIONAL SECURITY AND WELFARE OF THE UNITED STATES AND ITS CITIZENS FROM CRIMINAL ACTORS AND OTHER PUBLIC SAFETY THREATS
239,https://www.whitehouse.gov/presidential-actions/2026/02/ensuring-affordable-beef-for-the-american-consumer/,2026-02-06,ENSURING AFFORDABLE BEEF FOR THE AMERICAN CONSUMER
240,https://www.whitehouse.gov/presidential-actions/2026/02/unleashing-american-commercial-fishing-in-the-atlantic/,2026-02-06,UNLEASHING AMERICAN COMMERCIAL FISHING IN THE ATLANTIC
241,https://www.whitehouse.gov/releases/2026/02/president-trump-showcases-historic-successes-future-vision-exclusive-nbc-interview/,2026-02-05,"President Trump Showcases Historic Successes, Future Vision in Exclusive NBC Interview"
242,https://www.whitehouse.gov/releases/2026/02/new-milestone-in-operation-metro-surge-4000-criminal-illegals-removed-from-minnesota-streets/,2026-02-04,"New Milestone in Operation Metro Surge: 4,000+ Criminal Illegals Removed from Minnesota Streets"
243,https://www.whitehouse.gov/releases/2026/02/minnesota-democrats-protected-this-violent-illegal-alien-the-trump-administration-is-deporting-him/,2026-02-03,Minnesota Democrats Protected This Violent Illegal Alien. The Trump Administration Is Deporting Him.
244,https://www.whitehouse.gov/releases/2026/02/ninth-meeting-of-the-north-american-drug-dialogue/,2026-02-02,Ninth Meeting of the North American Drug Dialogue
245,https://www.whitehouse.gov/releases/2026/02/americans-overwhelmingly-support-deporting-criminal-illegals-local-cooperation-with-ice/,2026-02-02,"Americans Overwhelmingly Support Deporting Criminal Illegals, Local Cooperation with ICE"
246,https://www.whitehouse.gov/releases/2026/01/wide-acclaim-for-president-trumps-nomination-of-kevin-warsh-as-fed-chair/,2026-01-30,Wide Acclaim for President Trump’s Nomination of Kevin Warsh as Fed Chair
247,https://www.whitehouse.gov/presidential-actions/2026/01/addressing-threats-to-the-united-states-by-the-government-of-cuba/,2026-01-29,ADDRESSING THREATS TO THE UNITED STATES BY THE GOVERNMENT OF CUBA
248,https://www.whitehouse.gov/presidential-actions/2026/01/addressing-addiction-through-the-great-american-recovery-initiative/,2026-01-29,ADDRESSING ADDICTION THROUGH THE GREAT AMERICAN RECOVERY INITIATIVE
249,https://www.whitehouse.gov/releases/2026/01/border-czar-affirms-commitment-to-public-safety-removing-violent-criminals-in-minnesota/,2026-01-29,"Border Czar Affirms Commitment to Public Safety, Removing Violent Criminals in Minnesota"
250,https://www.whitehouse.gov/presidential-actions/2026/01/national-school-choice-week-2026/,2026-01-28,"NATIONAL SCHOOL CHOICE WEEK, 2026"
251,https://www.whitehouse.gov/presidential-actions/2026/01/addressing-state-and-local-failures-to-rebuild-los-angeles-after-wildfire-disasters/,2026-01-27,ADDRESSING STATE AND LOCAL FAILURES TO REBUILD LOS ANGELES AFTER WILDFIRE DISASTERS
252,https://www.whitehouse.gov/releases/2026/01/inaugural-meeting-of-us-india-drug-policy-working-group/,2026-01-26,Inaugural Meeting of the U.S.-India Drug Policy Executive Working Group
253,https://www.whitehouse.gov/releases/2026/01/president-trump-delivers-largest-tax-refund-season-in-u-s-history/,2026-01-26,President Trump Delivers Largest Tax Refund Season in U.S. History
254,https://www.whitehouse.gov/releases/2026/01/president-trump-is-the-most-pro-life-president-in-history/,2026-01-23,President Trump is the Most Pro-Life President in History
255,https://www.whitehouse.gov/releases/2026/01/icymi-murder-rate-plunges-to-125-year-low-as-president-trump-restores-law-and-order/,2026-01-22,ICYMI: Murder Rate Plunges to 125-Year Low as President Trump Restores Law and Order
256,https://www.whitehouse.gov/releases/2026/01/president-trump-ratifies-board-of-peace-in-historic-ceremony-opening-path-to-hope-and-dignity-for-gazans/,2026-01-22,"President Trump Ratifies Board of Peace in Historic Ceremony, Opening Path to Hope and Dignity for Gazans"
257,https://www.whitehouse.gov/presidential-actions/2026/01/stopping-wall-street-from-competing-with-main-street-homebuyers/,2026-01-21,STOPPING WALL STREET FROM COMPETING WITH MAIN STREET HOMEBUYERS
258,https://www.whitehouse.gov/presidential-actions/2026/01/national-day-of-patriotic-devotion-2026/,2026-01-21,"NATIONAL DAY OF PATRIOTIC DEVOTION, 2026"
259,https://www.whitehouse.gov/releases/2026/01/in-davos-president-trump-outlines-bold-vision-for-american-prosperity-transatlantic-strength/,2026-01-21,"In Davos, President Trump Outlines Bold Vision for American Prosperity, Transatlantic Strength"
260,https://www.whitehouse.gov/releases/2026/01/365-wins-in-365-days-president-trumps-return-marks-new-era-of-success-prosperity/,2026-01-20,"365 WINS IN 365 DAYS: President Trump’s Return Marks New Era of Success, Prosperity"
261,https://www.whitehouse.gov/releases/2026/01/minnesotas-sanctuary-defiance-has-consequences/,2026-01-16,Minnesota’s “Sanctuary” Defiance Has Consequences
262,https://www.whitehouse.gov/releases/2026/01/president-trump-unveils-the-great-healthcare-plan-to-lower-costs-and-deliver-money-directly-to-the-people/,2026-01-15,President Trump Unveils The Great Healthcare Plan to Lower Costs and Deliver Money Directly to the People
263,https://www.whitehouse.gov/releases/2026/01/mass-deportations-are-improving-americans-quality-of-life/,2026-01-14,Mass Deportations Are Improving Americans’ Quality of Life
264,https://www.whitehouse.gov/presidential-actions/2026/01/adjusting-imports-of-processed-critical-minerals-and-their-derivative-products-into-the-united-states/,2026-01-14,ADJUSTING IMPORTS OF PROCESSED CRITICAL MINERALS AND THEIR DERIVATIVE PRODUCTS INTO THE UNITED STATES
265,https://www.whitehouse.gov/presidential-actions/2026/01/adjusting-imports-of-semiconductors-semiconductor-manufacturing-equipment-and-their-derivative-products-into-the-united-states/,2026-01-14,"ADJUSTING IMPORTS OF SEMICONDUCTORS, SEMICONDUCTOR MANUFACTURING EQUIPMENT, AND THEIR DERIVATIVE PRODUCTS INTO THE UNITED STATES"
266,https://www.whitehouse.gov/releases/2026/01/icymi-the-trump-administration-is-moving-to-fix-a-broken-permitting-system/,2026-01-14,ICYMI: “The Trump Administration Is Moving To Fix a Broken Permitting System”
267,https://www.whitehouse.gov/releases/2026/01/american-workers-win-big-as-inflation-remains-low-wages-surge/,2026-01-13,"American Workers Win Big as Inflation Remains Low, Wages Surge"
268,https://www.whitehouse.gov/releases/2026/01/make-driving-great-again-president-trump-showcases-american-auto-industrys-revival-in-michigan/,2026-01-13,Make Driving Great Again: President Trump Showcases American Auto Industry’s Revival in Michigan
269,https://www.whitehouse.gov/presidential-actions/2026/01/nominations-sent-to-the-senate-078c/,2026-01-13,Nominations Sent to the Senate
270,https://www.whitehouse.gov/releases/2026/01/back-in-michigan-president-trump-celebrates-auto-industry-economic-revival/,2026-01-13,"Back in Michigan, President Trump Celebrates Auto Industry, Economic Revival"
271,https://www.whitehouse.gov/presidential-actions/2026/01/safeguarding-venezuelan-oil-revenue-for-the-good-of-the-american-and-venezuelan-people/,2026-01-10,SAFEGUARDING VENEZUELAN OIL REVENUE FOR THE GOOD OF THE AMERICAN AND VENEZUELAN PEOPLE
272,https://www.whitehouse.gov/releases/2026/01/walz-is-wrong-president-trumps-immigration-policies-are-saving-lives/,2026-01-09,Walz Is Wrong: President Trump’s Immigration Policies Are Saving Lives
273,https://www.whitehouse.gov/releases/2026/01/57-times-sick-unhinged-democrats-declared-war-on-law-enforcement/,2026-01-09,"57 Times Sick, Unhinged Democrats Declared War on Law Enforcement"
274,https://www.whitehouse.gov/presidential-actions/2026/01/withdrawing-the-united-states-from-international-organizations-conventions-and-treaties-that-are-contrary-to-the-interests-of-the-united-states/,2026-01-07,"Withdrawing the United States from International Organizations, Conventions, and Treaties that Are Contrary to the Interests of the United States"
275,https://www.whitehouse.gov/releases/2026/01/sara-carter-confirmed-as-drug-czar/,2026-01-06,Sara Carter Confirmed As Drug Czar
276,https://www.whitehouse.gov/releases/2026/01/trump-policies-power-u-s-auto-sales-to-best-year-since-2019-proving-experts-wrong-again/,2026-01-06,Trump Policies Power U.S. Auto Sales to Best Year Since 2019 — Proving “Experts” Wrong (Again)
277,https://www.whitehouse.gov/releases/2026/01/democrats-once-demanded-maduros-ouster-now-they-mourn-his-capture-because-trump-did-it/,2026-01-05,Democrats Once Demanded Maduro’s Ouster. Now They Mourn His Capture — Because Trump Did It.
278,https://www.whitehouse.gov/releases/2026/01/heres-what-the-trump-administration-is-doing-to-crush-minnesotas-fraud-epidemic/,2026-01-03,Here’s What the Trump Administration Is Doing to Crush Minnesota’s Fraud Epidemic
279,https://www.whitehouse.gov/releases/2026/01/trump-administrations-historic-rural-health-care-investments-hailed-nationwide/,2026-01-02,Trump Administration’s Historic Rural Health Care Investments Hailed Nationwide
280,https://www.whitehouse.gov/presidential-actions/2026/01/regarding-the-acquisition-of-certain-assets-of-emcore-corporation-by-hiefo-corporation/,2026-01-02,REGARDING THE ACQUISITION OF CERTAIN ASSETS OF EMCORE CORPORATION BY HIEFO CORPORATION
281,https://www.whitehouse.gov/presidential-actions/2025/12/amendments-to-adjusting-imports-of-timber-lumber-and-their-derivative-products-into-the-united-states/,2025-12-31,"AMENDMENTS TO ADJUSTING IMPORTS OF TIMBER, LUMBER, AND THEIR DERIVATIVE PRODUCTS INTO THE UNITED STATES"
282,https://www.whitehouse.gov/presidential-actions/2025/12/to-implement-the-united-states-israel-agreement-on-trade-in-agricultural-products-and-for-other-purposes/,2025-12-30,To Implement the United States-Israel Agreement on Trade in Agricultural Products and for Other Purposes
283,https://www.whitehouse.gov/releases/2025/12/all-50-states-will-receive-historic-funding-from-trump-administration-to-strengthen-rural-health-care/,2025-12-30,All 50 States Will Receive Historic Funding from Trump Administration to Strengthen Rural Health Care
284,https://www.whitehouse.gov/releases/2025/12/democrats-caused-high-prices-president-trump-is-bringing-them-down/,2025-12-18,Democrats Caused High Prices. President Trump Is Bringing Them Down.
285,https://www.whitehouse.gov/releases/2025/12/trump-delivers-core-inflation-hits-lowest-level-in-nearly-five-years/,2025-12-18,Trump Delivers: Core Inflation Hits Lowest Level in Nearly Five Years
286,https://www.whitehouse.gov/releases/2025/12/president-trump-highlights-americas-historic-comeback-in-year-end-address/,2025-12-18,President Trump Highlights America’s Historic Comeback in Year-End Address
287,https://www.whitehouse.gov/releases/2025/12/private-sector-job-growth-fuels-president-trumps-economy/,2025-12-16,Private Sector Job Growth Fuels President Trump’s Economy
288,https://www.whitehouse.gov/presidential-actions/2025/12/restricting-and-limiting-the-entry-of-foreign-nationals-to-protect-the-security-of-the-united-states/,2025-12-16,RESTRICTING AND LIMITING THE ENTRY OF FOREIGN NATIONALS TO PROTECT THE SECURITY OF THE UNITED STATES
289,https://www.whitehouse.gov/presidential-actions/2025/12/designating-fentanyl-as-a-weapon-of-mass-destruction/,2025-12-15,DESIGNATING FENTANYL AS A WEAPON OF MASS DESTRUCTION
290,https://www.whitehouse.gov/releases/2025/12/trumps-historic-border-victory-from-open-borders-to-total-control/,2025-12-15,Trump’s Historic Border Victory: From Open Borders to Total Control
291,https://www.whitehouse.gov/presidential-actions/2025/12/protecting-american-investors-from-foreign-owned-and-politically-motivated-proxy-advisors/,2025-12-12,PROTECTING AMERICAN INVESTORS FROM FOREIGN-OWNED AND POLITICALLY-MOTIVATED PROXY ADVISORS
292,https://www.whitehouse.gov/presidential-actions/2025/12/eliminating-state-law-obstruction-of-national-artificial-intelligence-policy/,2025-12-11,ENSURING A NATIONAL POLICY FRAMEWORK FOR ARTIFICIAL INTELLIGENCE
293,https://www.whitehouse.gov/releases/2025/12/trump-tariffs-work-trade-deficit-plummets-to-five-year-low/,2025-12-11,Trump Tariffs Work: Trade Deficit Plummets to Five-Year Low
294,https://www.whitehouse.gov/releases/2025/12/president-trump-in-pa-america-is-back-and-just-getting-started/,2025-12-10,President Trump in Pennsylvania: America Is Back — and We’re Just Getting Started
295,https://www.whitehouse.gov/releases/2025/12/president-trumps-politico-interview-democrats-lost-control-i-took-it-back/,2025-12-09,President Trump’s Politico Interview: Democrats Lost Control — I Took it Back
296,https://www.whitehouse.gov/releases/2025/12/president-trump-delivers-progress-on-lowering-costs-with-much-more-relief-on-the-way/,2025-12-09,President Trump Delivers Progress on Lowering Costs — With Much More Relief on the Way
297,https://www.whitehouse.gov/releases/2025/12/gas-prices-plunge-to-new-multi-year-low-and-trending-lower/,2025-12-08,Gas Prices Plunge to New Multi-Year Low — and They’re Trending Lower ⛽
298,https://www.whitehouse.gov/presidential-actions/2025/12/addressing-security-risks-from-price-fixing-and-anti-competitive-behavior-in-the-food-supply-chain/,2025-12-06,ADDRESSING SECURITY RISKS FROM PRICE FIXING AND ANTI-COMPETITIVE BEHAVIOR IN THE FOOD SUPPLY CHAIN
299,https://www.whitehouse.gov/presidential-actions/2025/12/national-pearl-harbor-remembrance-day-2025-17fc/,2025-12-06,"NATIONAL PEARL HARBOR REMEMBRANCE DAY, 2025"
300,https://www.whitehouse.gov/releases/2025/12/this-is-who-democrats-like-tim-walz-are-defending/,2025-12-05,This Is Who Democrats Like Tim Walz Are Defending
301,https://www.whitehouse.gov/presidential-actions/2025/12/america-250-presidential-message-on-the-anniversary-of-the-monroe-doctrine/,2025-12-02,America 250: Presidential Message on the Anniversary of the Monroe Doctrine
302,https://www.whitehouse.gov/releases/2025/12/yes-theres-something-wrong-with-walz-and-it-cost-taxpayers-1-billion/,2025-12-01,"Yes, “There’s Something Wrong with Walz” — and it Cost Taxpayers $1 Billion"
303,https://www.whitehouse.gov/presidential-actions/2025/11/america-250-presidential-message-on-mark-twains-190th-birthday/,2025-11-30,AMERICA 250: PRESIDENTIAL MESSAGE ON MARK TWAIN’S 190TH BIRTHDAY
304,https://www.whitehouse.gov/releases/2025/11/72-arrests-wasnt-enough-democrats-let-him-burn-her-alive/,2025-11-25,72 Arrests Wasn’t Enough — Democrats Let Him Burn Her Alive
305,https://www.whitehouse.gov/presidential-actions/2025/11/designation-of-certain-muslim-brotherhood-chapters-as-foreign-terrorist-organizations-and-specially-designated-global-terrorists/,2025-11-24,DESIGNATION OF CERTAIN MUSLIM BROTHERHOOD CHAPTERS AS FOREIGN TERRORIST ORGANIZATIONS AND SPECIALLY DESIGNATED GLOBAL TERRORISTS
306,https://www.whitehouse.gov/presidential-actions/2025/11/launching-the-genesis-mission/,2025-11-24,LAUNCHING THE GENESIS MISSION
307,https://www.whitehouse.gov/releases/2025/11/more-relief-on-the-way-as-economic-wins-bring-savings-to-gas-pump-thanksgiving-table/,2025-11-24,"More Relief on the Way as Economic Wins Bring Savings to Gas Pump, Thanksgiving Table"
308,https://www.whitehouse.gov/presidential-actions/2025/11/modifying-the-scope-of-tariffs-on-the-government-of-brazil/,2025-11-20,MODIFYING THE SCOPE OF TARIFFS ON THE GOVERNMENT OF BRAZIL
309,https://www.whitehouse.gov/releases/2025/11/progress-jobs-report-shows-private-sector-gains-wage-growth-for-american-born-workers/,2025-11-20,"PROGRESS: Jobs Report Shows Private Sector Gains, Wage Growth for American-Born Workers"
310,https://www.whitehouse.gov/releases/2025/11/good-news-you-may-have-missed-everyday-proof-the-trump-agenda-is-delivering/,2025-11-19,Good News You May Have Missed: Everyday Proof the Trump Agenda Is Delivering
311,https://www.whitehouse.gov/releases/2025/11/abc-news-is-fake-news/,2025-11-19,ABC “News” Is Fake News
312,https://www.whitehouse.gov/releases/2025/11/icymi-president-trump-talks-economy-mcdonalds-speech/,2025-11-18,ICYMI: President Trump Talks Economy in McDonald’s Speech
313,https://www.whitehouse.gov/releases/2025/11/where-is-democrats-transparency-on-epstein/,2025-11-17,Where Is Democrats’ Transparency on Epstein?
314,https://www.whitehouse.gov/presidential-actions/2025/11/national-adoption-month-2025/,2025-11-17,"NATIONAL ADOPTION MONTH, 2025"
315,https://www.whitehouse.gov/presidential-actions/2025/11/modifying-the-scope-of-the-reciprocal-tariff-with-respect-to-certain-agricultural-products/,2025-11-14,MODIFYING THE SCOPE OF THE RECIPROCAL TARIFF WITH RESPECT TO CERTAIN AGRICULTURAL PRODUCTS
316,https://www.whitehouse.gov/releases/2025/11/were-making-big-progress-on-prices-and-well-keep-working-to-make-sure-everyone-benefits/,2025-11-14,We’re Making Big Progress on Prices — and We’ll Keep Working to Make Sure Everyone Benefits
317,https://www.whitehouse.gov/presidential-actions/2025/11/veterans-day-2025/,2025-11-10,"VETERANS DAY, 2025"
318,https://www.whitehouse.gov/releases/2025/11/democrats-are-to-blame-for-airport-chaos/,2025-11-07,Democrats Are to Blame for Airport Chaos
319,https://www.whitehouse.gov/presidential-actions/2025/11/anti-communism-week-2025/,2025-11-07,"ANTI-COMMUNISM WEEK, 2025"
320,https://www.whitehouse.gov/releases/2025/11/americans-are-paying-less-this-thanksgiving/,2025-11-06,Americans Are Paying Less This Thanksgiving 🦃
321,https://www.whitehouse.gov/releases/2025/11/promises-made-promises-kept-one-year-later/,2025-11-05,"✅ Promises Made, Promises Kept — One Year Later"
322,https://www.whitehouse.gov/presidential-actions/2025/11/modifying-reciprocal-tariff-rates-consistent-with-the-economic-and-trade-arrangement-between-the-united-states-and-the-peoples-republic-of-china/,2025-11-04,MODIFYING RECIPROCAL TARIFF RATES CONSISTENT WITH THE ECONOMIC AND TRADE ARRANGEMENT BETWEEN THE UNITED STATES AND THE PEOPLE’S REPUBLIC OF CHINA
323,https://www.whitehouse.gov/presidential-actions/2025/11/modifying-duties-addressing-the-synthetic-opioid-supply-chain-in-the-peoples-republic-of-china/,2025-11-04,MODIFYING DUTIES ADDRESSING THE SYNTHETIC OPIOID SUPPLY CHAIN IN THE PEOPLE’S REPUBLIC OF CHINA
324,https://www.whitehouse.gov/releases/2025/11/president-trump-60-minutes-greatest-nine-months-in-the-history-of-the-presidency/,2025-11-03,President Trump on 60 Minutes: “Greatest Nine Months in the History of the Presidency”
325,https://www.whitehouse.gov/releases/2025/11/thank-a-democrat-for-five-hour-tsa-lines-mass-flight-delays/,2025-11-03,"Thank a Democrat for Five-Hour TSA Lines, Mass Flight Delays"
326,https://www.whitehouse.gov/releases/2025/10/president-trump-opens-asia-trip-by-securing-landmark-wins-for-america/,2025-10-27,President Trump Opens Asia Trip by Securing Landmark Wins for America
327,https://www.whitehouse.gov/releases/2025/10/inflation-remains-low-as-democrat-shutdown-threatens-progress/,2025-10-24,Inflation Remains Low as Democrat Shutdown Threatens Progress
328,https://www.whitehouse.gov/releases/2025/10/airlines-pilots-demand-action-as-democrat-shutdown-pushes-air-travel-to-the-edge/,2025-10-24,"Airlines, Pilots Demand Action as Democrat Shutdown Pushes Air Travel to the Edge"
329,https://www.whitehouse.gov/releases/2025/10/democrat-shutdown-jeopardizes-americas-skies/,2025-10-23,Democrat Shutdown Jeopardizes America’s Skies
330,https://www.whitehouse.gov/releases/2025/10/top-democrat-cheers-americans-suffering-as-leverage-in-their-sick-political-game/,2025-10-22,Top Democrat Cheers Americans’ Suffering as “Leverage” in Their Sick Political Game
331,https://www.whitehouse.gov/presidential-actions/2025/10/nomination-sent-to-the-senate-f090/,2025-10-21,Nomination Sent to the Senate
332,https://www.whitehouse.gov/presidential-actions/2025/10/adjusting-imports-of-medium-and-heavy-duty-vehicles-medium-and-heavy-duty-vehicle-parts-and-buses-into-the-united-states/,2025-10-17,"ADJUSTING IMPORTS OF MEDIUM- AND HEAVY-DUTY VEHICLES, MEDIUM- AND HEAVY-DUTY VEHICLE PARTS, AND BUSES INTO THE UNITED STATES"
333,https://www.whitehouse.gov/releases/2025/10/radical-lefts-cnn-stunt-fails-to-distract-from-their-shutdown-stranglehold/,2025-10-16,Radical Left’s CNN Stunt Fails to Distract from Their Shutdown Stranglehold
334,https://www.whitehouse.gov/presidential-actions/2025/10/ensuring-continued-accountability-in-federal-hiring/,2025-10-15,ENSURING CONTINUED ACCOUNTABILITY IN FEDERAL HIRING
335,https://www.whitehouse.gov/releases/2025/10/widespread-acclaim-for-president-trumps-diplomatic-triumph/,2025-10-14,Widespread Acclaim for President Trump’s Diplomatic Triumph
336,https://www.whitehouse.gov/presidential-actions/2025/10/the-trump-declaration-for-enduring-peace-and-prosperity/,2025-10-13,The Trump Declaration for Enduring Peace and Prosperity
337,https://www.whitehouse.gov/presidential-actions/2025/10/250th-anniversary-of-the-founding-of-the-united-states-navy/,2025-10-11,250TH ANNIVERSARY OF THE FOUNDING OF THE UNITED STATES NAVY
338,https://www.whitehouse.gov/presidential-actions/2025/10/general-pulaski-memorial-day-2025/,2025-10-11,"GENERAL PULASKI MEMORIAL DAY, 2025"
339,https://www.whitehouse.gov/releases/2025/10/schumer-taunts-americans-as-democrat-shutdown-crushes-them/,2025-10-09,Schumer Taunts Americans as Democrat Shutdown Crushes Them
340,https://www.whitehouse.gov/presidential-actions/2025/10/columbus-day-2025/,2025-10-09,"COLUMBUS DAY, 2025"
341,https://www.whitehouse.gov/presidential-actions/2025/10/leif-erikson-day-2025/,2025-10-09,"LEIF ERIKSON DAY, 2025"
342,https://www.whitehouse.gov/releases/2025/10/icymi-illegal-crossings-along-u-s-mexico-border-plummet-to-lowest-annual-level-since-1970/,2025-10-07,ICYMI: “Illegal crossings along U.S.-Mexico border plummet to lowest annual level since 1970”
343,https://www.whitehouse.gov/presidential-actions/2025/10/national-manufacturing-day-2025/,2025-10-07,"NATIONAL MANUFACTURING DAY, 2025"
344,https://www.whitehouse.gov/releases/2025/10/president-trump-revives-ambler-road-project-to-unlock-alaskas-critical-minerals-boost-economy/,2025-10-07,"President Trump Revives Ambler Road Project to Unlock Alaska’s Critical Minerals, Boost Economy"
345,https://www.whitehouse.gov/releases/2025/10/chicago-mayors-ice-free-zones-shield-violent-criminal-illegals-abandon-citizens/,2025-10-06,"Chicago Mayor’s “ICE-Free Zones” Shield Violent Criminal Illegals, Abandon Citizens"
346,https://www.whitehouse.gov/releases/2025/10/poll-americans-want-democrats-to-end-their-shutdown/,2025-10-06,POLL: Americans Want Democrats to END Their Shutdown
347,https://www.whitehouse.gov/presidential-actions/2025/10/department-of-war-security-for-the-protection-of-federal-personnel-and-property-in-illinois/,2025-10-04,Department of War Security for the Protection of Federal Personnel and Property in Illinois
348,https://www.whitehouse.gov/releases/2025/10/all-50-states-will-see-devastating-economic-hit-in-democrat-shutdown/,2025-10-03,All 50 States Will See Devastating Economic Hit in Democrat Shutdown
349,https://www.whitehouse.gov/releases/2025/10/democrat-shutdown-hurts-families-veterans-workers-across-the-country/,2025-10-02,"Democrat Shutdown Hurts Families, Veterans, Workers Across the Country"
350,https://www.whitehouse.gov/releases/2025/10/democrats-betray-americans-with-government-shutdown/,2025-10-01,Democrats Betray Americans with Government Shutdown
351,https://www.whitehouse.gov/releases/2025/10/fact-democrats-shut-down-government-over-free-healthcare-for-illegals/,2025-10-01,FACT: Democrats Shut Down Government Over Free Healthcare for Illegals
352,https://www.whitehouse.gov/releases/2025/10/global-support-for-president-trumps-bold-vision-for-peace-in-gaza/,2025-10-01,Global Support for President Trump’s Bold Vision for Peace in Gaza
353,https://www.whitehouse.gov/presidential-actions/2025/09/continuance-of-certain-federal-advisory-committees/,2025-09-30,CONTINUANCE OF CERTAIN FEDERAL ADVISORY COMMITTEES
354,https://www.whitehouse.gov/presidential-actions/2025/09/adjusting-imports-of-timber-lumber-and-their-derivative-products-into-the-united-states/,2025-09-30,"ADJUSTING IMPORTS OF TIMBER, LUMBER, AND THEIR DERIVATIVE PRODUCTS INTO THE UNITED STATES"
355,https://www.whitehouse.gov/releases/2025/09/president-trump-deploys-federal-resources-to-crush-violent-radical-left-terrorism-in-portland/,2025-09-30,President Trump Deploys Federal Resources to Crush Violent Radical Left Terrorism in Portland
356,https://www.whitehouse.gov/releases/2025/09/poll-most-americans-say-no-as-radical-left-drives-democrat-shutdown/,2025-09-30,POLL: Most Americans Say NO As Radical Left Drives Democrat Shutdown
357,https://www.whitehouse.gov/releases/2025/09/democrats-put-veterans-seniors-public-safety-at-risk-with-shutdown-push/,2025-09-29,"Democrats Put Veterans, Seniors, Public Safety at Risk with Shutdown Push"
358,https://www.whitehouse.gov/releases/2025/09/democrats-unhinged-crusade-against-ice-fuels-bloodshed/,2025-09-26,Democrats’ Unhinged Crusade Against ICE Fuels Bloodshed
359,https://www.whitehouse.gov/presidential-actions/2025/09/saving-tiktok-while-protecting-national-security/,2025-09-25,SAVING TIKTOK WHILE PROTECTING NATIONAL SECURITY
360,https://www.whitehouse.gov/presidential-actions/2025/09/countering-domestic-terrorism-and-organized-political-violence/,2025-09-25,Countering Domestic Terrorism and Organized Political Violence
361,https://www.whitehouse.gov/releases/2025/09/strong-spending-narrowing-trade-gap-drives-trump-economys-explosive-growth/,2025-09-25,"Strong Spending, Narrowing Trade Gap Drives Trump Economy’s Explosive Growth"
362,https://www.whitehouse.gov/releases/2025/09/democrats-press-on-with-shutdown-threats-even-the-media-isnt-buying-their-obstruction/,2025-09-25,Democrats Press on with Shutdown Threats… Even the Media Isn’t Buying Their Obstruction
363,https://www.whitehouse.gov/releases/2025/09/at-un-president-trump-champions-sovereignty-rejects-globalism/,2025-09-23,"At UN, President Trump Champions Sovereignty, Rejects Globalism"
364,https://www.whitehouse.gov/releases/2025/09/president-trump-joins-in-celebrating-charlie-kirks-enduring-legacy/,2025-09-22,President Trump Joins Nation in Celebrating Charlie Kirk’s Enduring Legacy
365,https://www.whitehouse.gov/releases/2025/09/democrats-threaten-a-shutdown-over-radical-left-insanity/,2025-09-22,Democrats Threaten a Shutdown Over Radical Left Insanity
366,https://www.whitehouse.gov/presidential-actions/2025/09/national-hispanic-heritage-month-2025/,2025-09-22,"NATIONAL HISPANIC HERITAGE MONTH, 2025"
367,https://www.whitehouse.gov/releases/2025/09/president-trump-isnt-backing-down-from-crushing-radical-left-violence/,2025-09-22,President Trump Isn’t Backing Down from Crushing Radical Left Violence
368,https://www.whitehouse.gov/presidential-actions/2025/09/designating-antifa-as-a-domestic-terrorist-organization/,2025-09-22,DESIGNATING ANTIFA AS A DOMESTIC TERRORIST ORGANIZATION
369,https://www.whitehouse.gov/releases/2025/09/h-1b-faq/,2025-09-21,H-1B FAQ
370,https://www.whitehouse.gov/presidential-actions/2025/09/the-gold-card/,2025-09-19,THE GOLD CARD
371,https://www.whitehouse.gov/presidential-actions/2025/09/restriction-on-entry-of-certain-nonimmigrant-workers/,2025-09-19,RESTRICTION ON ENTRY OF CERTAIN NONIMMIGRANT WORKERS
372,https://www.whitehouse.gov/presidential-actions/2025/09/memorandum-of-understanding-between-the-government-of-the-united-states-of-america-and-the-government-of-the-united-kingdom-of-great-britain-and-northern-ireland-regarding-the-technology-prosperity-de/,2025-09-18,MEMORANDUM OF UNDERSTANDING BETWEEN THE GOVERNMENT OF THE UNITED STATES OF AMERICA AND THE GOVERNMENT OF THE UNITED KINGDOM OF GREAT BRITAIN AND NORTHERN IRELAND REGARDING THE TECHNOLOGY PROSPERITY DEAL
373,https://www.whitehouse.gov/releases/2025/09/president-trump-signs-technology-prosperity-deal-with-united-kingdom/,2025-09-18,President Trump Signs Technology Prosperity Deal with United Kingdom
374,https://www.whitehouse.gov/releases/2025/09/the-economy-is-back-on-track-under-president-trump/,2025-09-18,The Economy Is Back on Track Under President Trump
375,https://www.whitehouse.gov/releases/2025/09/katherine-scarlett-confirmed-as-13th-chair-of-the-council-on-environmental-quality/,2025-09-18,Katherine Scarlett Confirmed as 13th Chair of the Council on Environmental Quality
376,https://www.whitehouse.gov/releases/2025/09/memphis-welcomes-president-trumps-action-to-restore-public-safety/,2025-09-17,Memphis Residents Welcome President Trump’s Action to Restore Public Safety
377,https://www.whitehouse.gov/releases/2025/09/memphis-has-a-crime-problem-and-residents-agree/,2025-09-15,Memphis Has a Crime Problem — and Residents Agree
378,https://www.whitehouse.gov/presidential-actions/2025/09/restoring-law-and-order-in-memphis/,2025-09-15,Restoring Law and Order in Memphis
379,https://www.whitehouse.gov/releases/2025/09/president-trump-honors-charlie-kirk-calls-for-unity-through-success-powerful-interview/,2025-09-12,"President Trump Honors Charlie Kirk, Calls for Unity Through Success in Powerful Interview"
380,https://www.whitehouse.gov/releases/2025/09/president-trump-announces-bold-action-to-crush-violent-crime-in-memphis/,2025-09-12,President Trump Announces Bold Action to Crush Violent Crime in Memphis
381,https://www.whitehouse.gov/presidential-actions/2025/09/patriot-day-2025-the-24th-annivresary-of-the-september-11-terrorist-attacks/,2025-09-11,"PATRIOT DAY 2025, THE 24TH ANNIVERSARY OF THE SEPTEMBER 11 TERRORIST ATTACKS"
382,https://www.whitehouse.gov/releases/2025/09/president-trump-has-crushed-bidens-inflation-crisis/,2025-09-10,President Trump Has Crushed Biden’s Inflation Crisis
383,https://www.whitehouse.gov/releases/2025/09/major-organizations-commit-to-supporting-ai-education/,2025-09-09,Major Organizations Commit to Supporting AI Education
384,https://www.whitehouse.gov/releases/2025/09/bls-revisions-show-president-trump-was-right-again/,2025-09-09,BLS Revisions Show President Trump Was Right — Again
385,https://www.whitehouse.gov/releases/2025/09/tom-homan-annihilates-msdncs-smears-lies-on-border-security/,2025-09-09,"Tom Homan Annihilates MSDNC’s Smears, Lies on Border Security 🔥"
386,https://www.whitehouse.gov/releases/2025/09/charlotte-murder-exposes-democrat-failures-after-career-criminal-freed-by-woke-policies/,2025-09-08,Charlotte Murder Exposes Democrat Failures After Career Criminal Freed by Woke Policies
387,https://www.whitehouse.gov/releases/2025/09/president-trumps-top-100-victories-for-people-of-faith/,2025-09-08,President Trump’s Top 100 Victories for People of Faith
388,https://www.whitehouse.gov/releases/2025/09/president-trump-champions-religious-freedom-unveils-america-prays/,2025-09-08,"President Trump Champions Religious Freedom, Unveils America Prays"
389,https://www.whitehouse.gov/presidential-actions/2025/09/strengthening-efforts-to-protect-u-s-nationals-from-wrongful-detention-abroad/,2025-09-05,STRENGTHENING EFFORTS TO PROTECT U.S. NATIONALS FROM WRONGFUL DETENTION ABROAD
390,https://www.whitehouse.gov/presidential-actions/2025/09/modifying-the-scope-of-reciprocal-tariffs-and-establishing-procedures-for-implementing-trade-and-security-agreements/,2025-09-05,MODIFYING THE SCOPE OF RECIPROCAL TARIFFS AND ESTABLISHING PROCEDURES FOR IMPLEMENTING TRADE AND SECURITY AGREEMENTS
391,https://www.whitehouse.gov/releases/2025/09/president-trumps-approval-rating-hits-new-high/,2025-09-05,President Trump’s Approval Rating Hits New High 📈
392,https://www.whitehouse.gov/releases/2025/09/president-trumps-ai-energy-dominance-agenda-fuels-1b-investment/,2025-09-04,"President Trump’s AI, Energy Dominance Agenda Fuels $1B Investment"
393,https://www.whitehouse.gov/presidential-actions/2025/09/implementing-the-united-states-japan-agreement/,2025-09-04,IMPLEMENTING THE UNITED STATES–JAPAN AGREEMENT
394,https://www.whitehouse.gov/releases/2025/09/u-s-goods-inflation-lower-than-other-countries/,2025-09-03,U.S. Goods Inflation Lower than Other Countries
395,https://www.whitehouse.gov/releases/2025/09/winning-streak-record-breaking-tariffs-border-security-and-safer-cities/,2025-09-03,"Winning Streak: Record-Breaking Tariffs, Border Security, and Safer Cities"
396,https://www.whitehouse.gov/releases/2025/09/icymi-trump-seizes-victory-in-border-wall-fight-with-new-funding/,2025-09-02,ICYMI: “Trump seizes victory in border wall fight with new funding”
397,https://www.whitehouse.gov/releases/2025/09/for-j-b-pritzker-when-will-enough-be-enough/,2025-09-02,"For J.B. Pritzker, When Will Enough Be Enough?"
398,https://www.whitehouse.gov/presidential-actions/2025/09/nominations-sent-to-the-senate-8a96/,2025-09-02,Nominations Sent to the Senate
399,https://www.whitehouse.gov/releases/2025/09/president-trump-is-delivering-for-american-workers/,2025-09-01,President Trump Is Delivering for American Workers
400,https://www.whitehouse.gov/releases/2025/08/this-week-in-the-trump-economy-lower-prices-higher-growth-record-markets/,2025-08-29,"This Week in the Trump Economy: Lower Prices, Higher Growth, Record Markets"
401,https://www.whitehouse.gov/presidential-actions/2025/08/making-federal-architecture-beautiful-again/,2025-08-28,MAKING FEDERAL ARCHITECTURE BEAUTIFUL AGAIN
402,https://www.whitehouse.gov/releases/2025/08/white-house-honors-law-enforcement-heroes-in-fight-against-drug-trafficking/,2025-08-28,White House Honors Law Enforcement Heroes in Fight Against Drug Trafficking
403,https://www.whitehouse.gov/presidential-actions/2025/08/further-exclusions-from-the-federal-labor-management-relations-program/,2025-08-28,FURTHER EXCLUSIONS FROM THE FEDERAL LABOR-MANAGEMENT RELATIONS PROGRAM
404,https://www.whitehouse.gov/presidential-actions/2025/08/labor-day-2025/,2025-08-28,"LABOR DAY, 2025"
405,https://www.whitehouse.gov/presidential-actions/2025/08/overdose-prevention-week-2025/,2025-08-28,"OVERDOSE PREVENTION WEEK, 2025"
406,https://www.whitehouse.gov/releases/2025/08/trump-administration-celebrates-successes-for-americas-workers/,2025-08-26,Trump Administration Celebrates Successes for America’s Workers
407,https://www.whitehouse.gov/presidential-actions/2025/08/prosecuting-burning-of-the-american-flag/,2025-08-25,PROSECUTING BURNING OF THE AMERICAN FLAG
408,https://www.whitehouse.gov/releases/2025/08/cashless-bail-is-a-government-backed-crime-spree/,2025-08-25,“Cashless Bail” Is a Government-Backed Crime Spree
409,https://www.whitehouse.gov/releases/2025/08/yes-chicago-has-a-crime-problem-just-ask-its-residents/,2025-08-25,"Yes, Chicago Has a Crime Problem — Just Ask its Residents"
410,https://www.whitehouse.gov/releases/2025/08/icymi-tariffs-will-reduce-deficit-by-4-trillion/,2025-08-22,ICYMI: Tariffs Will Reduce Deficit by $4 Trillion
411,https://www.whitehouse.gov/presidential-actions/2025/08/presidential-permit-authorizing-cameron-county-texas-to-construct-maintain-and-operate-a-pedestrian-border-crossing-at-the-gateway-international-bridge-land-port-of-entry/,2025-08-21,"PRESIDENTIAL PERMIT: AUTHORIZING CAMERON COUNTY, TEXAS, TO CONSTRUCT, MAINTAIN, AND OPERATE A PEDESTRIAN BORDER CROSSING AT THE GATEWAY INTERNATIONAL BRIDGE LAND PORT OF ENTRY"
412,https://www.whitehouse.gov/releases/2025/08/president-trump-is-right-about-the-smithsonian/,2025-08-21,President Trump Is Right About the Smithsonian
413,https://www.whitehouse.gov/releases/2025/08/from-safer-streets-to-investment-boom-president-trump-delivers-results/,2025-08-21,"From Safer Streets to Investment Boom, President Trump Delivers Results"
414,https://www.whitehouse.gov/releases/2025/08/president-trump-recaps-breakthroughs-in-ukraine-peace-talks/,2025-08-19,President Trump Recaps Breakthroughs in Ukraine Peace Talks
415,https://www.whitehouse.gov/releases/2025/08/president-trumps-peace-summit-hailed-as-a-game-changer/,2025-08-19,President Trump’s Peace Summit Hailed as a Game-Changer
416,https://www.whitehouse.gov/releases/2025/08/californias-sanctuary-policies-gave-way-to-florida-tragedy/,2025-08-18,California’s “Sanctuary” Policies Gave Way to Florida Tragedy
417,https://www.whitehouse.gov/releases/2025/08/trump-economy-ignites-record-breaking-earnings-surge-market-boom/,2025-08-18,"Trump Economy Ignites Record-Breaking Earnings Surge, Market Boom"
418,https://www.whitehouse.gov/releases/2025/08/american-leadership-is-back-under-president-trump/,2025-08-18,American Leadership Is Back Under President Trump
419,https://www.whitehouse.gov/releases/2025/08/sunday-shows-president-trumps-pursuit-of-peace/,2025-08-17,SUNDAY SHOWS: President Trump’s Pursuit of Peace
420,https://www.whitehouse.gov/releases/2025/08/president-trump-delivers-on-social-security-promise-stronger-faster-and-more-secure-for-all-americans/,2025-08-14,"President Trump Delivers on Social Security Promise: Stronger, Faster, and More Secure for All Americans"
421,https://www.whitehouse.gov/presidential-actions/2025/08/90th-anniversary-of-the-social-security-act/,2025-08-14,90TH ANNIVERSARY OF THE SOCIAL SECURITY ACT
422,https://www.whitehouse.gov/releases/2025/08/america-first-in-action-deportations-surge-jobs-return-dc-gets-tough/,2025-08-13,"America First in Action: Deportations Surge, Jobs Return, D.C. Gets Tough"
423,https://www.whitehouse.gov/releases/2025/08/made-in-america-agenda-delivers-manufacturing-boom/,2025-08-13,Made in America Agenda Delivers Manufacturing Boom
424,https://www.whitehouse.gov/presidential-actions/2025/08/further-modifying-reciprocal-tariff-rates-to-reflect-ongoing-discussions-with-the-peoples-republic-of-china/,2025-08-12,FURTHER MODIFYING RECIPROCAL TARIFF RATES TO REFLECT ONGOING DISCUSSIONS WITH THE PEOPLE’S REPUBLIC OF CHINA
425,https://www.whitehouse.gov/releases/2025/08/wages-grow-as-inflation-remains-low-and-stable/,2025-08-12,Wages Grow as Inflation Remains Low and Stable
426,https://www.whitehouse.gov/releases/2025/08/its-liberation-day-in-washington-d-c/,2025-08-11,"It’s “Liberation Day” in Washington, D.C."
427,https://www.whitehouse.gov/releases/2025/08/icymi-celebrating-200-days-of-american-renewal/,2025-08-08,ICYMI: Celebrating 200 Days of American Renewal
428,https://www.whitehouse.gov/releases/2025/08/president-trump-brokers-another-historic-peace-deal/,2025-08-08,President Trump Brokers Another Historic Peace Deal
429,https://www.whitehouse.gov/presidential-actions/2025/08/improving-oversight-of-federal-grantmaking/,2025-08-07,IMPROVING OVERSIGHT OF FEDERAL GRANTMAKING
430,https://www.whitehouse.gov/presidential-actions/2025/08/guaranteeing-fair-banking-for-all-americans/,2025-08-07,GUARANTEEING FAIR BANKING FOR ALL AMERICANS
431,https://www.whitehouse.gov/presidential-actions/2025/08/democratizing-access-to-alternative-assets-for-401k-investors/,2025-08-07,DEMOCRATIZING ACCESS TO ALTERNATIVE ASSETS FOR 401(K) INVESTORS
432,https://www.whitehouse.gov/releases/2025/08/200-days-of-winning-president-trump-is-keeping-his-promises/,2025-08-07,✅ 200 Days of Winning: President Trump Is Keeping His Promises
433,https://www.whitehouse.gov/releases/2025/08/apple-600-billion-commitment-to-boost-u-s-manufacturing/,2025-08-07,Apple’s $600 Billion Commitment to Boost U.S. Manufacturing
434,https://www.whitehouse.gov/presidential-actions/2025/08/addressing-threats-to-the-united-states-by-the-government-of-the-russian-federation/,2025-08-06,ADDRESSING THREATS TO THE UNITED STATES BY THE GOVERNMENT OF THE RUSSIAN FEDERATION
435,https://www.whitehouse.gov/releases/2025/08/americans-are-winning-big-with-the-one-big-beautiful-bill/,2025-08-06,Americans Are Winning Big with the One Big Beautiful Bill
436,https://www.whitehouse.gov/presidential-actions/2025/08/establishing-the-white-house-task-force-on-the-2028-summer-olympics/,2025-08-05,ESTABLISHING THE WHITE HOUSE TASK FORCE ON THE 2028 SUMMER OLYMPICS
437,https://www.whitehouse.gov/releases/2025/08/on-cnbc-president-trump-touts-historic-first-six-months/,2025-08-05,"On CNBC, President Trump Touts Historic First Six Months"
438,https://www.whitehouse.gov/releases/2025/08/icymi-negative-net-migration-for-the-first-time-in-at-least-50-years/,2025-08-04,ICYMI: Negative Net Migration for the First Time in at Least 50 Years
439,https://www.whitehouse.gov/presidential-actions/2025/07/amendment-to-duties-to-address-the-flow-of-illicit-drugs-across-our-northern-border-9350/,2025-08-01,AMENDMENT TO DUTIES TO ADDRESS THE FLOW OF ILLICIT DRUGS ACROSS OUR NORTHERN BORDER
440,https://www.whitehouse.gov/releases/2025/07/from-coast-to-coast-americans-are-seeing-the-benefits-of-president-trumps-big-beautiful-bill/,2025-08-01,"From Coast to Coast, Americans Are Seeing the Benefits of President Trump’s Big Beautiful Bill"
441,https://www.whitehouse.gov/releases/2025/08/unheard-of-illegal-border-crossings-plummet-to-another-new-record-low/,2025-08-01,“UNHEARD OF”: Illegal Border Crossings Plummet to Another New Record Low
442,https://www.whitehouse.gov/releases/2025/08/bls-has-lengthy-history-of-inaccuracies-incompetence/,2025-08-01,"BLS Has Lengthy History of Inaccuracies, Incompetence"
443,https://www.whitehouse.gov/presidential-actions/2025/07/further-modifying-the-reciprocal-tariff-rates/,2025-07-31,FURTHER MODIFYING THE RECIPROCAL TARIFF RATES
444,https://www.whitehouse.gov/releases/2025/07/icymi-trump-nailed-the-biggest-trade-deal-in-american-history-and-proved-everyone-wrong-again/,2025-07-31,ICYMI: “Trump nailed the biggest trade deal in American history and proved everyone wrong – again!”
445,https://www.whitehouse.gov/presidential-actions/2025/07/addressing-threats-to-the-us/,2025-07-30,ADDRESSING THREATS TO THE UNITED STATES BY THE GOVERNMENT OF BRAZIL
446,https://www.whitehouse.gov/presidential-actions/2025/07/suspending-duty-free-de-minimis-treatment-for-all-countries/,2025-07-30,SUSPENDING DUTY-FREE DE MINIMIS TREATMENT FOR ALL COUNTRIES
447,https://www.whitehouse.gov/presidential-actions/2025/07/adjusting-imports-of-copper-into-the-united-states/,2025-07-30,ADJUSTING IMPORTS OF COPPER INTO THE UNITED STATES
448,https://www.whitehouse.gov/releases/2025/07/strib-newspaper-continues-to-run-shameful-interference-for-illegal-immigrants/,2025-07-30,This Newspaper Continues to Run Shameful Interference for Illegal Immigrants
449,https://www.whitehouse.gov/releases/2025/07/economic-growth-shatters-expectations-as-president-trump-fuels-americas-golden-age/,2025-07-30,Economic Growth Shatters Expectations as President Trump Fuels America’s Golden Age
450,https://www.whitehouse.gov/releases/2025/07/absolute-blockbuster-new-gdp-report-shows-explosive-growth-in-trumps-economy/,2025-07-30,“Absolute Blockbuster”: New GDP Report Shows Explosive Growth in Trump’s Economy
451,https://www.whitehouse.gov/releases/2025/07/what-they-are-saying-landmark-u-s-eu-trade-deal-is-another-big-win-for-americans/,2025-07-29,WHAT THEY ARE SAYING: Landmark U.S.-EU Trade Deal Is Another Big Win for Americans
452,https://www.whitehouse.gov/releases/2025/07/vp-vance-champions-one-big-beautiful-bill-in-ohio/,2025-07-29,VP Vance Champions One Big Beautiful Bill in Ohio
453,https://www.whitehouse.gov/releases/2025/07/dealmaker-in-chief-president-trump-secures-landmark-peace-trade-deals/,2025-07-28,"DEALMAKER-IN-CHIEF: President Trump Secures Landmark Peace, Trade Deals"
454,https://www.whitehouse.gov/presidential-actions/2025/07/made-in-america-week-2025/,2025-07-25,"MADE IN AMERICA WEEK, 2025"
455,https://www.whitehouse.gov/releases/2025/07/president-trump-promised-to-end-child-sexual-mutilation-and-he-delivered/,2025-07-25,President Trump Promised to End Child Sexual Mutilation — and He Delivered
456,https://www.whitehouse.gov/releases/2025/07/the-one-big-beautiful-bill-is-a-historic-investment-in-rural-healthcare/,2025-07-25,The One Big Beautiful Bill is a Historic Investment in Rural Healthcare
457,https://www.whitehouse.gov/presidential-actions/2025/07/saving-college-sports/,2025-07-24,SAVING COLLEGE SPORTS
458,https://www.whitehouse.gov/presidential-actions/2025/07/ending-crime-and-disorder-on-americas-streets/,2025-07-24,ENDING CRIME AND DISORDER ON AMERICA’S STREETS
459,https://www.whitehouse.gov/releases/2025/07/wide-acclaim-for-president-trumps-visionary-ai-action-plan/,2025-07-24,Wide Acclaim for President Trump’s Visionary AI Action Plan
460,https://www.whitehouse.gov/releases/2025/07/headlines-underscore-president-trumps-promises-kept/,2025-07-24,Headlines Underscore President Trump’s Promises Kept
461,https://www.whitehouse.gov/presidential-actions/2025/07/preventing-woke-ai-in-the-federal-government/,2025-07-23,PREVENTING WOKE AI IN THE FEDERAL GOVERNMENT
462,https://www.whitehouse.gov/presidential-actions/2025/07/promoting-the-export-of-the-american-ai-technology-stack/,2025-07-23,PROMOTING THE EXPORT OF THE AMERICAN AI TECHNOLOGY STACK
463,https://www.whitehouse.gov/releases/2025/07/what-they-are-saying-u-s-indonesia-trade-deal-is-another-america-first-win/,2025-07-23,WHAT THEY ARE SAYING: U.S.-Indonesia Trade Deal Is Another America First Win
464,https://www.whitehouse.gov/releases/2025/07/small-business-sentiment-surges-as-the-one-big-beautiful-bill-takes-effect/,2025-07-23,Small Business Sentiment Surges as the One Big Beautiful Bill Takes Effect
465,https://www.whitehouse.gov/releases/2025/07/us-steelmakers-are-thriving-under-president-trump/,2025-07-22,American Steelmakers Are Thriving Under President Trump
466,https://www.whitehouse.gov/releases/2025/07/president-trump-delivers-again-ice-arrests-surge-nationwide/,2025-07-22,President Trump Delivers Again: ICE Arrests Surge Nationwide
467,https://www.whitehouse.gov/releases/2025/07/president-trump-has-kept-his-promises-and-then-some/,2025-07-21,✅ President Trump Has Kept His Promises — and Then Some
468,https://www.whitehouse.gov/releases/2025/07/data-shows-u-s-economy-is-back-on-track-under-president-trump/,2025-07-21,Data Shows U.S. Economy Is Back on Track Under President Trump
469,https://www.whitehouse.gov/releases/2025/07/a-big-difference-trump-administrations-tomato-tariffs-already-a-game-changer-for-american-farmers/,2025-07-21,“A Big Difference”: Trump Administration’s Tomato Tariffs Already a Game Changer for American Farmers
470,https://www.whitehouse.gov/releases/2025/07/president-trump-marks-six-months-in-office-with-historic-successes/,2025-07-20,President Trump Marks Six Months in Office with Historic Successes
471,https://www.whitehouse.gov/presidential-actions/2025/07/nominations-sent-to-the-senate-d743/,2025-07-17,Nominations Sent to the Senate
472,https://www.whitehouse.gov/releases/2025/07/president-trump-signs-halt-fentanyl-act-into-law/,2025-07-16,President Trump Signs HALT Fentanyl Act into Law
473,https://www.whitehouse.gov/releases/2025/07/inflation-remains-right-on-target-under-president-trump/,2025-07-15,Inflation Remains Right on Target Under President Trump
474,https://www.whitehouse.gov/releases/2025/07/icymi-home-depot-co-founder-now-sold-on-trump/,2025-07-15,ICYMI: Home Depot Co-Founder Now “Sold on Trump”
475,https://www.whitehouse.gov/releases/2025/07/sunday-shows-trump-administration-is-putting-americans-first/,2025-07-13,SUNDAY SHOWS: Trump Administration is Putting Americans First
476,https://www.whitehouse.gov/releases/2025/07/president-trump-first-lady-see-unbreakable-spirit-in-texas/,2025-07-12,"President Trump, First Lady See Unbreakable Spirit in Texas"
477,https://www.whitehouse.gov/releases/2025/07/taxpayer-funded-benefits-are-for-american-citizens-not-illegals/,2025-07-10,Taxpayer-Funded Benefits Are for American Citizens — Not Illegals
478,https://www.whitehouse.gov/releases/2025/07/democrats-inspire-vicious-escalating-attacks-on-ice/,2025-07-09,"Democrats Inspire Vicious, Escalating Attacks on ICE"
479,https://www.whitehouse.gov/releases/2025/07/trust-in-trump-sentiment-surges-as-economy-booms/,2025-07-09,TRUST IN TRUMP: Sentiment Surges as Economy Booms
480,https://www.whitehouse.gov/presidential-actions/2025/07/nominations-sent-to-the-senate-79b1/,2025-07-09,Nominations Sent to the Senate
481,https://www.whitehouse.gov/releases/2025/07/ice-remains-undeterred-in-getting-dangerous-criminal-illegals-off-our-streets/,2025-07-08,ICE Remains Undeterred in Getting Dangerous Criminal Illegals Off Our Streets
482,https://www.whitehouse.gov/presidential-actions/2025/07/extending-the-modification-of-the-reciprocal-tariff-rates/,2025-07-07,EXTENDING THE MODIFICATION OF THE RECIPROCAL TARIFF RATES
483,https://www.whitehouse.gov/releases/2025/07/president-trumps-one-big-beautiful-bill-a-win-for-workers-farmers-and-americas-future/,2025-07-07,"President Trump’s One Big Beautiful Bill: A Win for Workers, Farmers, and America’s Future"
484,https://www.whitehouse.gov/presidential-actions/2025/07/ensuring-accountability-and-prioritizing-public-safety-in-federal-hiring/,2025-07-07,Ensuring Accountability and Prioritizing Public Safety in Federal Hiring
485,https://www.whitehouse.gov/releases/2025/07/president-trumps-one-big-beautiful-bill-is-now-the-law/,2025-07-05,President Trump’s One Big Beautiful Bill Is Now the Law
486,https://www.whitehouse.gov/releases/2025/07/june-boom-jobs-report-shows-the-economy-continues-to-soar-under-president-trump/,2025-07-03,June Boom: Jobs Report Shows the Economy Continues to Soar Under President Trump
487,https://www.whitehouse.gov/releases/2025/07/history-made-the-one-big-beautiful-bill-is-on-its-way-to-president-trumps-desk/,2025-07-03,HISTORY MADE: The One Big Beautiful Bill Is on Its Way to President Trump’s Desk
488,https://www.whitehouse.gov/releases/2025/07/extraordinary-president-trump-drives-illegal-border-crossings-to-a-new-historic-low/,2025-07-02,“EXTRAORDINARY”: President Trump Drives Illegal Border Crossings to a New Historic Low
489,https://www.whitehouse.gov/releases/2025/07/senate-democrats-just-voted-against-lower-taxes-higher-pay-national-security-and-more/,2025-07-01,"Senate Democrats Just Voted Against Lower Taxes, Higher Pay, National Security, and More"
490,https://www.whitehouse.gov/releases/2025/07/what-they-are-saying-senate-approves-landmark-one-big-beautiful-bill/,2025-07-01,WHAT THEY ARE SAYING: Senate Approves Landmark One Big Beautiful Bill
491,https://www.whitehouse.gov/presidential-actions/2025/06/providing-for-the-revocation-of-syria-sanctions/,2025-06-30,PROVIDING FOR THE REVOCATION OF SYRIA SANCTIONS
492,https://www.whitehouse.gov/releases/2025/06/myth-vs-fact-the-one-big-beautiful-bill/,2025-06-30,Myth vs. Fact: The One Big Beautiful Bill
493,https://www.whitehouse.gov/releases/2025/06/lower-gas-prices-just-in-time-for-summer-holiday-travel/,2025-06-30,Lower Gas Prices Just in Time for Summer Holiday Travel
494,https://www.whitehouse.gov/releases/2025/06/the-one-big-beautiful-bill-slashes-deficits-national-debt-while-unleashing-economic-growth/,2025-06-30,"The One Big Beautiful Bill Slashes Deficits, National Debt While Unleashing Economic Growth"
495,https://www.whitehouse.gov/presidential-actions/2025/06/simplifying-the-funding-of-energy-infrastructure-and-critical-mineral-and-material-projects/,2025-06-30,Simplifying the Funding of Energy Infrastructure and Critical Mineral and Material Projects
496,https://www.whitehouse.gov/presidential-actions/2025/06/presidential-permit-authorizing-steel-reef-us-pipelines-llc-to-operate-and-maintain-pipeline-facilities-at-burke-county-north-dakota-at-the-international-boundary-between-the-united-states-and-canad/,2025-06-30,"PRESIDENTIAL PERMIT AUTHORIZING STEEL REEF US PIPELINES LLC TO OPERATE AND MAINTAIN PIPELINE FACILITIES AT BURKE COUNTY, NORTH DAKOTA, AT THE INTERNATIONAL BOUNDARY BETWEEN THE UNITED STATES AND CANADA"
497,https://www.whitehouse.gov/presidential-actions/2025/06/text-of-a-letter-from-the-president-to-the-speaker-of-the-house-of-representatives/,2025-06-30,"PRESIDENTIAL PERMIT AUTHORIZING SOUTH BOW (USA) LP TO OPERATE AND MAINTAIN PIPELINE FACILITIES AT CAVALIER COUNTY, NORTH DAKOTA, AT THE INTERNATIONAL BOUNDARY BETWEEN THE UNITED STATES AND CANADA"
498,https://www.whitehouse.gov/presidential-actions/2025/06/national-security-presidential-memorandum-nspm-5/,2025-06-30,NATIONAL SECURITY PRESIDENTIAL MEMORANDUM/NSPM-5
499,https://www.whitehouse.gov/presidential-actions/2025/06/presidential-permit-authorizing-junction-pipeline-company-llc-to-construct-connect-operate-and-maintain-pipeline-facilities-at-toole-county-montana-at-the-international-boundary-between-the-uni/,2025-06-30,"AUTHORIZING JUNCTION PIPELINE COMPANY, LLC TO CONSTRUCT, CONNECT, OPERATE, AND MAINTAIN PIPELINE FACILITIES AT TOOLE COUNTY, MONTANA, AT THE INTERNATIONAL BOUNDARY BETWEEN THE UNITED STATES AND CANADA"
500,https://www.whitehouse.gov/releases/2025/06/sunday-shows-send-the-one-big-beautiful-bill-to-president-trumps-desk/,2025-06-29,SUNDAY SHOWS: Send the One Big Beautiful Bill to President Trump’s Desk
501,https://www.whitehouse.gov/releases/2025/06/a-big-win-supreme-court-ends-excessive-nationwide-injunctions/,2025-06-27,“A BIG WIN”: Supreme Court Ends Excessive Nationwide Injunctions
502,https://www.whitehouse.gov/releases/2025/06/icymi-cheapest-summer-gas-prices-in-four-years/,2025-06-27,ICYMI: Cheapest Summer Gas Prices in Four Years
503,https://www.whitehouse.gov/releases/2025/06/experts-agree-irans-nuclear-facilities-have-been-obliterated/,2025-06-26,Experts Agree: Iran’s Nuclear Facilities Have Been Obliterated
504,https://www.whitehouse.gov/releases/2025/06/president-trumps-leadership-vision-drives-nato-breakthrough/,2025-06-26,"President Trump’s Leadership, Vision Drives NATO Breakthrough"
505,https://www.whitehouse.gov/releases/2025/06/irans-nuclear-facilities-have-been-obliterated-and-suggestions-otherwise-are-fake-news/,2025-06-25,Iran’s Nuclear Facilities Have Been Obliterated — and Suggestions Otherwise are Fake News
506,https://www.whitehouse.gov/releases/2025/06/analysis-one-big-beautiful-bill-will-boost-wages-lower-deficits/,2025-06-25,"Analysis: One Big Beautiful Bill Will Boost Wages, Lower Deficits"
507,https://www.whitehouse.gov/releases/2025/06/what-they-are-saying-president-trumps-display-of-peace-through-strength/,2025-06-22,WHAT THEY ARE SAYING: President Trump’s Display of Peace Through Strength
508,https://www.whitehouse.gov/releases/2025/06/pass-the-one-big-beautiful-bill-to-safeguard-americas-sovereignty/,2025-06-20,Pass the One Big Beautiful Bill to Safeguard America’s Sovereignty
509,https://www.whitehouse.gov/releases/2025/06/every-day-the-trump-administration-is-getting-violent-criminal-illegals-off-our-streets/,2025-06-20,"Every Day, the Trump Administration is Getting Violent Criminal Illegals Off Our Streets"
510,https://www.whitehouse.gov/presidential-actions/2025/06/presidential-permit-authorizing-the-city-of-eagle-pass-texas-to-expand-and-continue-to-maintain-and-operate-a-vehicular-and-pedestrian-border-crossing-at-the-camino-real-international-bridge-land-po/,2025-06-20,"Presidential Permit Authorizing the City of Eagle Pass, Texas, to Expand and Continue to Maintain and Operate a Vehicular and Pedestrian Border Crossing at the Camino Real International Bridge Land Port of Entry"
511,https://www.whitehouse.gov/releases/2025/06/border-patrol-didnt-release-a-single-illegal-into-the-u-s-last-month/,2025-06-17,Border Patrol Didn’t Release a Single Illegal into the U.S. Last Month
512,https://www.whitehouse.gov/releases/2025/06/president-trump-has-always-been-clear-iran-cannot-have-a-nuclear-weapon/,2025-06-17,President Trump Has Always Been Clear: Iran Cannot Have a Nuclear Weapon
513,https://www.whitehouse.gov/presidential-actions/2025/06/implementing-the-general-terms-of-the-united-states-of-america-united-kingdom-economic-prosperity-deal/,2025-06-16,IMPLEMENTING THE GENERAL TERMS OF THE UNITED STATES OF AMERICA-UNITED KINGDOM ECONOMIC PROSPERITY DEAL
514,https://www.whitehouse.gov/presidential-actions/2025/06/nominations-sent-to-the-senate-3c08/,2025-06-16,Nominations Sent to the Senate
515,https://www.whitehouse.gov/releases/2025/06/capitol-hill-touts-benefits-of-the-one-big-beautiful-bill/,2025-06-16,Capitol Hill Touts Benefits of the One Big Beautiful Bill
516,https://www.whitehouse.gov/presidential-actions/2025/06/presidential-permit-authorizing-the-city-of-laredo-texas-to-expand-and-continue-to-maintain-and-operate-a-vehicular-border-crossing-at-the-laredo-colombia-solidarity-international-bridge-land-port/,2025-06-13,"Presidential Permit Authorizing the City of Laredo, Texas, to Expand and Continue to Maintain, and Operate a Vehicular Border Crossing at the Laredo-Colombia Solidarity International Bridge Land Port of Entry"
517,https://www.whitehouse.gov/releases/2025/06/president-trumps-policies-are-delivering-wins-across-america/,2025-06-13,President Trump’s Policies Are Delivering Wins Across America
518,https://www.whitehouse.gov/releases/2025/06/what-they-are-saying-president-trump-stops-radical-environmentalism-to-generate-power-for-the-columbia-river-basin/,2025-06-13,What They Are Saying: President Trump Stops Radical Environmentalism to Generate Power for the Columbia River Basin
519,https://www.whitehouse.gov/presidential-actions/2025/06/250th-anniversary-of-the-founding-of-the-united-states-army/,2025-06-13,250th Anniversary of the Founding of the United States Army
520,https://www.whitehouse.gov/presidential-actions/2025/06/fathers-day-2025/,2025-06-13,"Father’s Day, 2025"
521,https://www.whitehouse.gov/presidential-actions/2025/06/stopping-radical-environmentalism-to-generate-power-for-the-columbia-river-basin/,2025-06-12,Stopping Radical Environmentalism to Generate Power for the Columbia River Basin
522,https://www.whitehouse.gov/releases/2025/06/icymi-for-the-first-time-in-decades-the-us-mexico-border-is-silent/,2025-06-11,"ICYMI: “For the first time in decades, the US-Mexico border is silent”"
523,https://www.whitehouse.gov/releases/2025/06/president-trump-signs-executive-orders-on-drones-flying-cars-and-supersonics/,2025-06-11,"President Trump Signs Executive Orders on Drones, Flying Cars, and Supersonics"
524,https://www.whitehouse.gov/releases/2025/06/under-president-trump-america-is-defeating-inflation/,2025-06-11,"Under President Trump, America is Defeating Inflation"
525,https://www.whitehouse.gov/releases/2025/06/the-largest-tax-cut-in-history-for-working-and-middle-class-americans/,2025-06-10,The Largest Tax Cut in History for Working and Middle-Class Americans
526,https://www.whitehouse.gov/releases/2025/06/trump-accounts-will-chart-path-to-prosperity-for-a-generation-of-american-kids/,2025-06-09,Trump Accounts Will Chart the Path to Prosperity for a Generation of American Kids
527,https://www.whitehouse.gov/presidential-actions/2025/06/presidential-permit-authorizing-green-corridors-llc-to-construct-maintain-and-operate-commercial-elevated-guideway-border-crossing-near-laredo-texas-at-the-international-boundary-between-the-us-mexico/,2025-06-09,"Presidential Permit Authorizing Green Corridors, LLC, to Construct, Maintain, and Operate a Commercial Elevated Guideway Border Crossing Near Laredo, Texas, at the International Boundary Between the United States and Mexico"
528,https://www.whitehouse.gov/releases/2025/06/president-trump-is-stepping-up-where-democrats-wont/,2025-06-09,President Trump is Stepping Up Where Democrats Won’t
529,https://www.whitehouse.gov/releases/2025/06/the-one-big-beautiful-bill-will-end-taxpayer-funded-health-care-for-illegals/,2025-06-09,The One Big Beautiful Bill Will END Taxpayer-Funded Health Care for Illegals
530,https://www.whitehouse.gov/presidential-actions/2025/06/department-of-defense-security-for-the-protection-of-department-of-homeland-security-functions/,2025-06-08,Department of Defense Security for the Protection of Department of Homeland Security Functions
531,https://www.whitehouse.gov/releases/2025/06/sunday-shows-pass-the-one-big-beautiful-bill/,2025-06-08,SUNDAY SHOWS: Pass the One Big Beautiful Bill
532,https://www.whitehouse.gov/releases/2025/06/memo-the-one-big-beautiful-bill-improves-the-fiscal-trajectory/,2025-06-07,MEMO: The One Big Beautiful Bill Improves the Fiscal Trajectory
533,https://www.whitehouse.gov/presidential-actions/2025/06/sustaining-select-efforts-to-strengthen-the-nations-cybersecurity-and-amending-executive-order-13694-and-executive-order-14144/,2025-06-06,SUSTAINING SELECT EFFORTS TO STRENGTHEN THE NATION’S CYBERSECURITY AND AMENDING EXECUTIVE ORDER 13694 AND EXECUTIVE ORDER 14144
534,https://www.whitehouse.gov/presidential-actions/2025/06/unleashing-american-drone-dominance/,2025-06-06,UNLEASHING AMERICAN DRONE DOMINANCE
535,https://www.whitehouse.gov/presidential-actions/2025/06/restoring-american-airspace-sovereignty/,2025-06-06,RESTORING AMERICAN AIRSPACE SOVEREIGNTY
536,https://www.whitehouse.gov/releases/2025/06/mythbuster-theres-no-pork-in-the-one-big-beautiful-bill-only-wins/,2025-06-06,MYTHBUSTER: There’s No “Pork” in the One Big Beautiful Bill — Only Wins
537,https://www.whitehouse.gov/presidential-actions/2025/06/national-ocean-month-2025/,2025-06-06,"National Ocean Month, 2025"
538,https://www.whitehouse.gov/releases/2025/06/icymi-texas-ends-in-state-tuition-for-illegals-after-doj-lawsuit/,2025-06-05,ICYMI: Texas Ends In-State Tuition for Illegals After DOJ Lawsuit
539,https://www.whitehouse.gov/releases/2025/06/boston-mayor-slanders-ice-heroes-busting-illegal-immigrant-rapists-killers-in-her-city/,2025-06-05,"Boston Mayor Slanders ICE Heroes Busting Illegal Immigrant Rapists, Killers in Her City"
540,https://www.whitehouse.gov/releases/2025/06/mythbuster-one-big-beautiful-bill-cuts-spending-and-more-cuts-are-on-the-way/,2025-06-05,MYTHBUSTER: One Big Beautiful Bill Cuts Spending — and More Cuts Are on the Way
541,https://www.whitehouse.gov/releases/2025/06/icymi-most-essential-piece-of-legislation-in-the-western-world/,2025-06-04,ICYMI: “Most Essential Piece of Legislation” in the Western World
542,https://www.whitehouse.gov/releases/2025/06/mythbuster-the-one-big-beautiful-bill-cuts-spending-deficit-and-thats-a-fact/,2025-06-04,"MYTHBUSTER: The One Big Beautiful Bill Cuts Spending, Deficit — and That’s a Fact"
543,https://www.whitehouse.gov/presidential-actions/2025/06/restricting-the-entry-of-foreign-nationals-to-protect-the-united-states-from-foreign-terrorists-and-other-national-security-and-public-safety-threats/,2025-06-04,RESTRICTING THE ENTRY OF FOREIGN NATIONALS TO PROTECT THE UNITED STATES FROM FOREIGN TERRORISTS AND OTHER NATIONAL SECURITY AND PUBLIC SAFETY THREATS
544,https://www.whitehouse.gov/presidential-actions/2025/06/enhancing-national-security-by-addressing-risks-at-harvard-university/,2025-06-04,ENHANCING NATIONAL SECURITY BY ADDRESSING RISKS AT HARVARD UNIVERSITY
545,https://www.whitehouse.gov/releases/2025/06/mythbuster-the-one-big-beautiful-bill-isnt-bad-for-families-its-the-opposite/,2025-06-03,MYTHBUSTER: The One Big Beautiful Bill Isn’t “Bad” for Families — It’s the Opposite
546,https://www.whitehouse.gov/releases/2025/06/50-wins-in-the-one-big-beautiful-bill/,2025-06-03,50 Wins in the One Big Beautiful Bill
547,https://www.whitehouse.gov/presidential-actions/2025/06/adjusting-imports-of-aluminum-and-steel-into-the-united-states/,2025-06-03,ADJUSTING IMPORTS OF ALUMINUM AND STEEL INTO THE UNITED STATES
548,https://www.whitehouse.gov/releases/2025/06/mythbuster-no-people-will-not-literally-die-with-the-one-big-beautiful-bill/,2025-06-02,"MYTHBUSTER: No, People Will Not “Literally Die” with the One Big Beautiful Bill"
549,https://www.whitehouse.gov/releases/2025/06/sunday-shows-president-trump-is-supercharging-the-u-s-economy/,2025-06-01,SUNDAY SHOWS: President Trump is Supercharging the U.S. Economy
550,https://www.whitehouse.gov/releases/2025/05/wow-inflation-eases-incomes-rise-trade-deficit-plummets/,2025-05-30,"“WOW”: Inflation Eases, Incomes Rise, Trade Deficit Plummets"
551,https://www.whitehouse.gov/releases/2025/05/made-in-the-usa-president-trumps-vision-is-revitalizing-american-industry/,2025-05-30,MADE IN THE USA: President Trump’s Vision is Revitalizing American Industry
552,https://www.whitehouse.gov/releases/2025/05/law-enforcement-backs-the-one-big-beautiful-bill/,2025-05-29,"Law Enforcement Backs the One, Big, Beautiful Bill"
553,https://www.whitehouse.gov/releases/2025/05/aoc-wants-to-end-the-agency-arresting-killers-rapists-in-new-york/,2025-05-28,"AOC Wants to END the Agency Arresting Killers, Rapists in New York"
554,https://www.whitehouse.gov/releases/2025/05/fact-one-big-beautiful-bill-cuts-spending-fuels-growth/,2025-05-28,"FACT: One, Big, Beautiful Bill Cuts Spending, Fuels Growth"
555,https://www.whitehouse.gov/releases/2025/05/illegal-crossings-plummet-in-san-diego-sector/,2025-05-27,Illegal Crossings Plummet in San Diego Sector
556,https://www.whitehouse.gov/releases/2025/05/consumer-confidence-surges-majority-says-were-on-right-track/,2025-05-27,"Consumer Confidence Surges, Majority Says We’re on “Right Track” 📈📈📈"
557,https://www.whitehouse.gov/presidential-actions/2025/05/101st-anniversary-of-the-united-states-border-patrol/,2025-05-27,101ST ANNIVERSARY OF THE UNITED STATES BORDER PATROL
558,https://www.whitehouse.gov/releases/2025/05/at-west-point-president-trump-lauds-the-future-leaders-of-americas-army/,2025-05-25,"At West Point, President Trump Lauds the “Future Leaders of America’s Army”"
559,https://www.whitehouse.gov/presidential-actions/2025/05/world-trade-week-2025/,2025-05-24,"WORLD TRADE WEEK, 2025"
560,https://www.whitehouse.gov/presidential-actions/2025/05/restoring-gold-standard-science/,2025-05-23,Restoring Gold Standard Science
561,https://www.whitehouse.gov/presidential-actions/2025/05/reinvigorating-the-nuclear-industrial-base/,2025-05-23,REINVIGORATING THE NUCLEAR INDUSTRIAL BASE
562,https://www.whitehouse.gov/presidential-actions/2025/05/deploying-advanced-nuclear-reactor-technologies-for-national-security/,2025-05-23,DEPLOYING ADVANCED NUCLEAR REACTOR TECHNOLOGIES FOR NATIONAL SECURITY
563,https://www.whitehouse.gov/presidential-actions/2025/05/delivering-most-favored-nation-prescription-drug-pricing-to-american-patients/,2025-05-12,DELIVERING MOST-FAVORED-NATION PRESCRIPTION DRUG PRICING TO AMERICAN PATIENTS
564,https://www.whitehouse.gov/presidential-actions/2025/05/modifying-reciprocal-tariff-rates-to-reflect-discussions-with-the-peoples-republic-of-china/,2025-05-12,MODIFYING RECIPROCAL TARIFF RATES TO REFLECT DISCUSSIONS WITH THE PEOPLE’S REPUBLIC OF CHINA
565,https://www.whitehouse.gov/presidential-actions/2025/05/keeping-promises-to-veterans-and-establishing-a-national-center-for-warrior-independence/,2025-05-09,KEEPING PROMISES TO VETERANS AND ESTABLISHING A NATIONAL CENTER FOR WARRIOR INDEPENDENCE
566,https://www.whitehouse.gov/presidential-actions/2025/05/fighting-overcriminalization-in-federal-regulations/,2025-05-09,FIGHTING OVERCRIMINALIZATION IN FEDERAL REGULATIONS
567,https://www.whitehouse.gov/presidential-actions/2025/05/improving-the-safety-and-security-of-biological-research/,2025-05-05,IMPROVING THE SAFETY AND SECURITY OF BIOLOGICAL RESEARCH
568,https://www.whitehouse.gov/presidential-actions/2025/05/establishment-of-the-religious-liberty-commission/,2025-05-01,ESTABLISHMENT OF THE RELIGIOUS LIBERTY COMMISSION
569,https://www.whitehouse.gov/presidential-actions/2025/04/addressing-certain-tariffs-on-imported-articles/,2025-04-29,ADDRESSING CERTAIN TARIFFS ON IMPORTED ARTICLES
570,https://www.whitehouse.gov/presidential-actions/2025/04/enforcing-commonsense-rules-of-the-road-for-americas-truck-drivers/,2025-04-28,ENFORCING COMMONSENSE RULES OF THE ROAD FOR AMERICA’S TRUCK DRIVERS
571,https://www.whitehouse.gov/presidential-actions/2025/04/protecting-american-communities-from-criminal-aliens/,2025-04-28,PROTECTING AMERICAN COMMUNITIES FROM CRIMINAL ALIENS
572,https://www.whitehouse.gov/presidential-actions/2025/04/unleashing-americas-offshore-critical-minerals-and-resources/,2025-04-24,UNLEASHING AMERICA’S OFFSHORE CRITICAL MINERALS AND RESOURCES
573,https://www.whitehouse.gov/presidential-actions/2025/04/restoring-equality-of-opportunity-and-meritocracy/,2025-04-23,RESTORING EQUALITY OF OPPORTUNITY AND MERITOCRACY
574,https://www.whitehouse.gov/presidential-actions/2025/04/reforming-accreditation-to-strengthen-higher-education/,2025-04-23,REFORMING ACCREDITATION TO STRENGTHEN HIGHER EDUCATION
575,https://www.whitehouse.gov/presidential-actions/2025/04/preparing-americans-for-high-paying-skilled-trade-jobs-of-the-future/,2025-04-23,PREPARING AMERICANS FOR HIGH-PAYING SKILLED TRADE JOBS OF THE FUTURE
576,https://www.whitehouse.gov/presidential-actions/2025/04/restoring-american-seafood-competitiveness/,2025-04-17,RESTORING AMERICAN SEAFOOD COMPETITIVENESS
577,https://www.whitehouse.gov/presidential-actions/2025/04/lowering-drug-prices-by-once-again-putting-americans-first/,2025-04-15,LOWERING DRUG PRICES BY ONCE AGAIN PUTTING AMERICANS FIRST
578,https://www.whitehouse.gov/presidential-actions/2025/04/ensuring-national-security-and-economic-resilience-through-section-232-actions-on-processed-critical-minerals-and-derivative-products/,2025-04-15,ENSURING NATIONAL SECURITY AND ECONOMIC RESILIENCE THROUGH SECTION 232 ACTIONS ON PROCESSED CRITICAL MINERALS AND DERIVATIVE PRODUCTS
579,https://www.whitehouse.gov/presidential-actions/2025/04/modifying-reciprocal-tariff-rates-to-reflect-trading-partner-retaliation-and-alignment/,2025-04-10,MODIFYING RECIPROCAL TARIFF RATES TO REFLECT TRADING PARTNER RETALIATION AND ALIGNMENT
580,https://www.whitehouse.gov/releases/2025/04/heres-what-happens-if-trump-tax-cuts-arent-extended/,2025-04-10,Here’s What Happens if Trump Tax Cuts Aren’t Extended
581,https://www.whitehouse.gov/presidential-actions/2025/04/zero-based-regulatory-budgeting-to-unleash-american-energy/,2025-04-09,ZERO-BASED REGULATORY BUDGETING TO UNLEASH AMERICAN ENERGY
582,https://www.whitehouse.gov/presidential-actions/2025/04/restoring-americas-maritime-dominance/,2025-04-09,RESTORING AMERICA’S MARITIME DOMINANCE
583,https://www.whitehouse.gov/presidential-actions/2025/04/reducing-anti-competitive-regulatory-barriers/,2025-04-09,REDUCING ANTI-COMPETITIVE REGULATORY BARRIERS
584,https://www.whitehouse.gov/presidential-actions/2025/04/addressing-risks-from-susman-godfrey/,2025-04-09,ADDRESSING RISKS FROM SUSMAN GODFREY
585,https://www.whitehouse.gov/presidential-actions/2025/04/amendment-to-recipricol-tariffs-and-updated-duties-as-applied-to-low-value-imports-from-the-peoples-republic-of-china/,2025-04-09,AMENDMENT TO RECIPROCAL TARIFFS AND UPDATED DUTIES AS APPLIED TO LOW-VALUE IMPORTS FROM THE PEOPLE’S REPUBLIC OF CHINA
586,https://www.whitehouse.gov/presidential-actions/2025/04/reinvigorating-americas-beautiful-clean-coal-industry-and-amending-executive-order-14241/,2025-04-08,Reinvigorating America’s Beautiful Clean Coal Industry and Amending Executive Order 14241
587,https://www.whitehouse.gov/presidential-actions/2025/04/protecting-american-energy-from-state-overreach/,2025-04-08,PROTECTING AMERICAN ENERGY FROM STATE OVERREACH
588,https://www.whitehouse.gov/presidential-actions/2025/04/regulating-imports-with-a-reciprocal-tariff-to-rectify-trade-practices-that-contribute-to-large-and-persistent-annual-united-states-goods-trade-deficits/,2025-04-02,Regulating Imports with a Reciprocal Tariff to Rectify Trade Practices that Contribute to Large and Persistent Annual United States Goods Trade Deficits
589,https://www.whitehouse.gov/presidential-actions/2025/04/further-amendment-to-duties-addressing-the-synthetic-opioid-supply-chain-in-the-peoples-republic-of-china-as-applied-to-low-value-imports/,2025-04-02,Further Amendment to Duties Addressing the Synthetic Opioid Supply Chain in the People’s Republic of China as Applied to Low-Value Imports
590,https://www.whitehouse.gov/presidential-actions/2025/03/combating-unfair-practices-in-the-live-entertainment-market/,2025-03-31,COMBATING UNFAIR PRACTICES IN THE LIVE ENTERTAINMENT MARKET
591,https://www.whitehouse.gov/presidential-actions/2025/03/making-the-district-of-columbia-safe-and-beautiful/,2025-03-28,MAKING THE DISTRICT OF COLUMBIA SAFE AND BEAUTIFUL
592,https://www.whitehouse.gov/presidential-actions/2025/03/exclusions-from-federal-labor-management-relations-programs/,2025-03-28,EXCLUSIONS FROM FEDERAL LABOR-MANAGEMENT RELATIONS PROGRAMS
593,https://www.whitehouse.gov/presidential-actions/2025/03/addressing-risks-from-wilmerhale/,2025-03-27,ADDRESSING RISKS FROM WILMERHALE
594,https://www.whitehouse.gov/presidential-actions/2025/03/preserving-and-protecting-the-integrity-of-american-elections/,2025-03-25,PRESERVING AND PROTECTING THE INTEGRITY OF AMERICAN ELECTIONS
595,https://www.whitehouse.gov/presidential-actions/2025/03/imposing-tariffs-on-countries-importing-venezuelan-oil/,2025-03-24,Imposing Tariffs on Countries Importing Venezuelan Oil
596,https://www.whitehouse.gov/presidential-actions/2025/03/improving-education-outcomes-by-empowering-parents-states-and-communities/,2025-03-20,"Improving Education Outcomes by Empowering Parents, States, and Communities"
597,https://www.whitehouse.gov/releases/2025/03/president-trumps-deregulation-effort-has-already-saved-families-thousands-of-dollars/,2025-03-06,President Trump’s Deregulation Effort Has Already Saved Families Thousands of Dollars
598,https://www.whitehouse.gov/presidential-actions/2025/02/establishing-the-national-energy-dominance-council/,2025-02-14,Establishing the National Energy Dominance Council
599,https://www.whitehouse.gov/presidential-actions/2025/01/unleashing-american-energy/,2025-01-21,Unleashing American Energy
